DONE?,Molecule,C,H,N,O,P,S,Cl,F,Br,I,#atoms,OH,-C(O)-,COOH,-C(O)O-,-O-,NH2,CN,-N-C(O)-,Name,Mass,ISM detection,Reference,P_system,Substrate,Surface,Surface simplified,Multi / Mono,"Coverage (ML, 1 ML = 1E15 molecule cm-2)",Start Mixture,Mixed/Pure,T_deposition (K),Processed,TPD Ramp (paper),TPD Ramp (s-1),TPD Range (K),Detector,T_peak (K),Tdes range (K),Order (n),n error,A (paper),A error,A unit,Ebin (paper),Ebin (K),Ebin error (K),Ebin (eV),Ebin error (eV),Equation,Notes,Relevant (theory) papers,A Redhead s-1,Redhead Ebin,,A Hasegawa,Redhead Ebin
X,C6H4Cl2,6,4,0,0,0,0,2,0,0,0,12,0,0,0,0,0,0,0,0,"1,2-Dichlorobenzene",146,,Ulbricht+2006,1E-10 mbar,HOPG,HOPG,carbon,Mono,,C6H4Cl2,Pure,20 (?),no,0.75 K/s,0.75,,QMS,213,,0.5,n.a.,9E15,E+/-2,s-1,69+/-6 kJ/mol,8299,722,0.715,0.062,dTheta/dt = -nu*theta^n*exp(-Ea/kb*T),Also data for SWCNT available,,1.00E+12,6313,,,
X,C10H13N5O3,10,13,5,3,0,0,0,0,0,0,31,2,0,0,0,1,1,0,0,2-Deoxyadenosine,251,NO,Demers+2002,UHV,Au,Au(100),metal,Mono,,Adenosine,Pure,room T,no,0.25K/min,0.25,,FTIR,0,n.a.,0,n.a.,0,n.a.,n.a.,112+/-4 KJ/mol,13471,481,1.161,0.041,Redhead equation- A & T unknown,Uses readhead equation to determine binding energy,,1.00E+12,Err:502,,,
X,C10H13N5O4,10,13,5,4,0,0,0,0,0,0,32,2,0,0,0,1,1,0,1,2-Deoxyguanosine,267,NO,Demers+2002,UHV,Au,Au(100),metal,Mono,,Guanosine,Pure,room T,no,0.25K/min,0.25,,FTIR,0,n.a.,0,n.a.,0,n.a.,n.a.,120+/-2 KJ/mol,14433,241,1.244,0.021,Redhead equation- A & T unknown,Uses readhead equation to determine binding energy,,1.00E+12,Err:502,,,
X,CH3CHO,2,4,0,1,0,0,0,0,0,0,7,0,1,0,0,0,0,0,0,Acetaldehyde,44,,Corazzi+2021,6.7E-10 mbar,Ni,Ni,metal,Mono,0.01L,CH3CHO,Pure,17,no,1.21 K/s,1.21,,QMS,104.9,,1,n.a.,1.00E+12,n.a.,s-1,2847+/-3K,2847,3,0.245,0.000,,,,1.00E+12,2985,,,
X,CH3CHO,2,4,0,1,0,0,0,0,0,0,7,0,1,0,0,0,0,0,0,Acetaldehyde,44,,Lasne+2012,1E-10 torr,Au (polycrystaline),ASW,water,Mono,,CH3CHO,Pure,90,no,n.a.,0,0,FTIR IR band shift,100,n.a.,1,n.a.,0,n.a.,n.a.,36+/-1.8 kj/mol,4330,217,0.373,0.019,,,,,,,,
X,CH3COCH3,3,6,0,1,0,0,0,0,0,0,10,0,1,0,0,0,0,0,0,Acetone,58,,Lasne+2012,1E-10 torr,Au (polycrystaline),ASW,water,Mono,,CH3C(O)CH3,Pure,120,no,n.a.,0,0,FTIR IR band shift,130,n.a.,1,n.a.,0,n.a.,n.a.,39+/-2 kJ/mol 4691,4691,241,,,,,,,,,,
X,CH3CN,2,3,1,0,0,0,0,0,0,0,6,0,0,0,0,0,0,1,0,Acetonitrile,41,,Bertin+2017,1E-10 Torr,alpha-quartz(0001),alpha-quartz(0001),si,Mono,0.7 - 1.0,CH3CN,Pure,90,no,12 K/min,0.2,,QMS,0,125 - 135,1,n.a.,1E17,+/-E0.5,s-1,460+/-60 meV 4813,4813,696,0.415,0.060,,Ebin is maximum of a range,,1.00E+12,Err:502,,,
X,CH3CN,2,3,1,0,0,0,0,0,0,0,6,0,0,0,0,0,0,1,0,Acetonitrile,41,,Solomun+1989,~E-11 torr,Au(100),Au(100),metal,Mono,,CH3CN,Pure,100,no,4 K/s,4,,QMS,172,168 - 175,1,n.a.,1E14,n.a.,s-1,46 kJ/mol.  5533,5533,0,0.477,0,Edes = R*T_max(ln(v*T_max/beta)-3.64),,,1.00E+12,4773,,,
X,CH3CN,2,3,1,0,0,0,0,0,0,0,6,0,0,0,0,0,0,1,0,Acetonitrile,41,,Tylinksi+2020,<1E-10 torr,Pt(111),Graphene,carbon,Mono,,CH3CN,Pure,20,no,1 K/s,1,,QMS,145,140 - 150,0,n.a.,1E31,+/-E1,cm-2 s-1,47+/-3 kJ/mol 5653,5653,361,0.487,0.031,,,,1.00E+12,4200,,,
X,CH3CN,2,3,1,0,0,0,0,0,0,0,6,0,0,0,0,0,0,1,0,Acetonitrile,41,,Bertin+2017,1E-10 Torr,Au,ASW,water,Mono,<0.3,CH3CN,Pure,90,no,10 K/min,0.1667,,QMS,0,130 - 145,1,n.a.,1E18,+/-E0.5,s-1,570+/-35 meV. 6184,6184,406,0.533,0.035,,Ebin is maximum of a range. desorbing water ice plays a role in CH3CN desorption,,1.00E+12,Err:502,,,
X,C2H2,2,2,0,0,0,0,0,0,0,0,4,0,0,0,0,0,0,0,0,Acetylene,26,,Behmard+2019,<5E-10 torr,CsI,compact ASW,water,Mono,,C2H2,Pure,11,no,2 K/min,0.03333,,QMS,70,n.a.,1,n.a.,3E16,+17/-2.5,,3000+5/-5 [220],3200,220,0.276,0.019,#NAME?,Fitted with a  range of binding energies. compact ice grown by annealing to 100K. mean binding energy is given + FWHM range,,1.00E+12,2215,,,
X,C5H5N5,5,5,5,0,0,0,0,0,0,0,15,0,0,0,0,0,1,0,0,Adenine,135,NO,Ostblom+2005,5E-10 mbar,Au,Au,metal,Mono,,Adenine binding site 3,Pure,room T,no,0.25K/s,0.25,298 - 523,QMS,483,478 - 488,1,n.a.,1E13,n.a.,s-1,136+/-2 kJ/mol,14794,241,1.275,0.021,Redhead equation,,,1.00E+12,15242,,,
X,CH2CHCH2OH,3,6,0,1,0,0,0,0,0,0,10,1,0,0,0,0,0,0,0,Allyl alcohol,58,,Dostert+2016,1E-10 mbar,Pd(111),Pd(111),metal,Mono,,CH3CH2CHO,Pure,~100,no,n.a.,0,n.a.,QMS,200,n.a.,1,n.a.,0,,,50 kJ/mol,6014,0,0.518,0,redhead analysis,Assume A = 1E12 s-1?,,1.00E+12,#DIV/0!,,,
X,NH3,0,3,1,0,0,0,0,0,0,0,4,0,0,0,0,0,0,0,0,Ammonia,17,,Ulbricht+2006,1E-10 mbar,HOPG,HOPG,carbon,Mono,,NH3,Pure,20 (?),no,1 K/s,1,,QMS,96,,0,n.a.,5E13,+/-E1,s-1,25+/-2 kJ/mol. 3007,3007,241,0.259,0.021,dTheta/dt = -nu*theta^n*exp(-Ea/kb*T),Also data for SWCNT available,,1.00E+12,2741,,,
X,C6H5CHO,7,6,0,1,0,0,0,0,0,0,14,0,1,0,0,0,0,0,0,Benzaldehyde,106,,Lasne+2012,1E-10 torr,Au (polycrystaline),ASW,water,Mono,,C6H5CHO,Pure,135,no,n.a.,0,0,FTIR IR band shift,180,n.a.,1,n.a.,0,n.a.,n.a.,40+/-2.0 kJ/mol,4811,241,0.415,0.021,,,,1.00E+12,#DIV/0!,,,
X,C6H6,6,6,0,0,0,0,0,0,0,0,12,0,0,0,0,0,0,0,0,Benzene ,78,,Bahr+2007a,E-10 torr,Silver,ASW,water,Mono,,C6H6,Pure,124,no,0.05 K/s,0.05,n.a.,QMS,141,n.a.,1,n.a.,1.00E+13,n.a.,s-1,39 kJ/mol,4691,0,0.404,0.000,,,,1.00E+12,4503,,,
X,C6H6,6,6,0,0,0,0,0,0,0,0,12,0,0,0,0,0,0,0,0,Benzene ,78,,Ulbricht+2006,1E-10 mbar,HOPG,HOPG,carbon,Mono,,C6H6,Pure,20 (?),,0.75 K/s,0.75,,QMS,151,,1,n.a.,9E15,+/-E3,,48+/-8 kJ/mol,5623,962,0.485,0.083,dTheta/dt = -nu*theta^n*exp(-Ea/kb*T),Also data for SWCNT available,,1.00E+12,4424,,,
X,c-C6H5CN,7,5,1,0,0,0,0,0,0,0,13,0,0,0,0,0,0,1,0,Benzonitrile,103,,Solomun+1989,~E-11 torr,Au(100),Au(100),metal,Mono,,C6H5CN,Pure,100,no,4 K/s,4,n.a.,QMS,285,n.a.,1,n.a.,1E14,n.a.,s-1,75 kJ/mol,9020,0,0.777,0.000,Edes = R*T_max(ln(v*T_max/beta)-3.64),,,1.00E+12,8053,,,
X,CO2,1,0,0,2,0,0,0,0,0,0,3,0,0,0,0,0,0,0,0,Carbon dioxide,44,,Galvez+2007,<1E-8 mbar,Si wafer,ASW,water,Mono,,CO2,Pure,n.a.,no,n.a.,0,80 - 190,FTIR,0,n.a.,1,n.a.,2.90E+12,n.a.,s-1,20.7+/-2 kJ/mol,2324,241,0.200,0.021,,,,1.00E+12,#DIV/0!,,,
X,CO2,1,0,0,2,0,0,0,0,0,0,3,0,0,0,0,0,0,0,0,Carbon dioxide,44,,Suhasaria+2017,5E-10 mbar,Forsterite (Mg2SiO4),Forsterite (Mg$_{2}$SiO$_{4}$),si,Mono,0.9,CO2,Pure,17,no,0.1 K/s,0.1,,QMS,0,,1,n.a.,1.00E+13,n.a.,s-1,21.1,2410,36,0.208,0.003,,,,1.00E+12,Err:502,,,
X,CO2,1,0,0,2,0,0,0,0,0,0,3,0,0,0,0,0,0,0,0,Carbon dioxide,44,,Sandford+1990,3E-8 mbar,CsI,CO$_{2}$,other,Mono,,CO2,Pure,10,no,isothermal,0,n.a.,FTIR,0,n.a.,1,n.a.,2.90E+12,n.a.,s-1,2690+/-50,2690,50,0.232,0.004,,,,1.00E+12,#DIV/0!,,,
X,CO2,1,0,0,2,0,0,0,0,0,0,3,0,0,0,0,0,0,0,0,Carbon dioxide,44,,Smith+2019,<1E-10 torr,Pt(111),Graphene,carbon,Mono,,CO2,Pure,25,no,1 K/s,1,n.a.,QMS,0,,0,n.a.,3.90E+30,+/-E1,cm-2 s-1,26.1+/-2 kJ/mol,2819,241,0.243,0.021,,,,1.00E+12,Err:502,,,
X,CO,1,0,0,1,0,0,0,0,0,0,2,0,0,0,0,0,0,0,0,Carbon monoxide,28,,Collings+2003,1E-10 mbar,Au,Au,metal,Mono,,CO,Pure,8,no,0.08 K/s,0.08,,QMS,0,,0,n.a.,7E26,+/-2,cm-2 s-1,6.87+/-0.2 kJ/mol,826,24,0.071,0.002,,Only TPD traces given - no information on binding energy,,1.00E+12,Err:502,,,
X,CO,1,0,0,1,0,0,0,0,0,0,2,0,0,0,0,0,0,0,0,Carbon monoxide,28,,Sandford \& Allamandola 1988,~5E-8 mbar,CsI,CO,other,Mono,,CO,Pure,10,no,2 K/min,0.03333,,FTIR,0,,1,n.a.,2000000000000,n.a.,s-1,960+/-10 K,960,10,0.083,0.001,,,,1.00E+12,Err:502,,,
X,CO,1,0,0,1,0,0,0,0,0,0,2,0,0,0,0,0,0,0,0,Carbon monoxide,28,,Suhasaria+2017,5E-10 mbar,Forsterite (Mg2SiO4),Forsterite (Mg$_{2}$SiO$_{4}$),si,Mono,1,CO,Pure,17,no,0.3 K/s,0.3,,QMS,0,,1,n.a.,1.00E+12,n.a.,s-1,9.3+/-0.1 kJ/mol,960,12,0.083,0.001,,,,1.00E+12,Err:502,,,
X,CO,1,0,0,1,0,0,0,0,0,0,2,0,0,0,0,0,0,0,0,Carbon monoxide,28,,Smith+2016,<1E-10 torr,Pt(111),ASW,water,Mono,1,CO,Pure,25,no,1 K/s,1,,QMS,,,1,n.a.,3.50E+16,+/-E0.5,s-1,11.8 kJ/mol,1076,71,0.093,0.006,,,,,,,,
X,CO,1,0,0,1,0,0,0,0,0,0,2,0,0,0,0,0,0,0,0,Carbon monoxide,28,,Smith+2016,<1E-10 torr,Pt(111),Graphene,carbon,Mono,1,CO,Pure,25,no,1 K/s,1,,QMS,,,0,n.a.,2.09E+28,+/-2,cm-2 s-1,12.5 kJ/mol,1239,75,0.107,0.006,,,,,,,,
X,C24H12,24,12,0,0,0,0,0,0,0,0,36,0,0,0,0,0,0,0,0,Coronene,300,?,Ulbricht+2006,1E-10 mbar,HOPG,HOPG,carbon,Mono,,C24H12,Pure,20 (?),no,2 K/s,2,,Ion gauge,390,,0.25,n.a.,2E16,E+/-2,s-1,127+/-15 kJ/mol,15275,1804,1.316,0.155,dTheta/dt = -nu*theta^n*exp(-Ea/kb*T),Also data for SWCNT available,,1.00E+12,11413,,,
X,HC5N,5,1,1,0,0,0,0,0,0,0,7,0,0,0,0,0,0,1,0,Cyanobutadiyne,75,YES,Coupeaud+2008,~E-7 mbar,Au,ASW,water,Mono,,HC5N,Pure,10,no,0.3 - 0.8 K/min,0.0116666666666667,,FTIR,150,,1,n.a.,1.00E+13,n.a.,s-1,90+/-20 kj/mol,10825,2406,0.933,0.207,,,,1.00E+12,5018,,,
X,C4H5N3O,4,5,3,1,0,0,0,0,0,0,13,0,0,0,0,0,1,0,1,Cytosine,111,NO,Demers+2002,UHV,Au,Au(100),metal,Mono,,Cytosine,Pure,room T,no,0.25K/s,0.25,n.a.,FTIR,428,n.a.,1,n.a.,0,n.a.,n.a.,128+/-4 KJ/mol,15035,481,1.296,0.041,Redhead equation- A unknown,Uses readhead equation to determine binding energy,,1.00E+12,13455,,,
X,C10H22,10,22,0,0,0,0,0,0,0,0,32,0,0,0,0,0,0,0,0,Decane,142,,Tait+2005b,~1E10 mbar,MgO(100),MgO(100),metal,Mono,,C10H22,Pure,130,no,0.6 K/s,0.6,n.a.,QMS,204,n.a.,1,n.a.,1E19.1,n.a.,s-1,77.9 kJ/mol,9369,0,0.807,0.000,,,,1.00E+12,6083,,,
X,C10H22,10,22,0,0,0,0,0,0,0,0,32,0,0,0,0,0,0,0,0,Decane,142,,"Paserba+2001a,b, Gellman+2007",UHV,Graphite,Graphite,carbon,Mono,,C10H22,Pure,<120,no,2.0 K/s,2,130 - 850,QMS,0,,1,n.a.,1E19.6,+/-E0.5,s-1,103.815661727072,12486,0,1.076,0.000,,,,1.00E+12,Err:502,,,
X,C9H13N3O4,9,13,3,4,0,0,0,0,0,0,29,2,0,0,0,1,0,0,1,Deoxycytidine,227,NO,Demers+2002,UHV,Au,Au(100),metal,Mono,,Cytidine,Pure,room T,no,0.25K/min,0.25,,FTIR,0,n.a.,0,n.a.,0,n.a.,n.a.,114+/-2 KJ/mol,13711,241,1.182,0.021,Redhead equation- A & T unknown,Uses readhead equation to determine binding energy,,1.00E+12,Err:502,,,
X,NCCCCN,4,0,2,0,0,0,0,0,0,0,6,0,0,0,0,0,0,2,0,Dicyanoacetylene,76,,Guennoun+2005a,~1E-7 mbar,Au,ASW,water,Mono,,NCCCCN,Pure,10,no,0.4 - 1.2 K/min,0.0133333333333333,n.a.,FTIR,159,n.a.,1,n.a.,1.00E+13,n.a.,s-1,42+/-5 kj/mol,5052,601,0.435,0.052,,,,1.00E+12,5307,,,
X,NCCCCN,4,0,2,0,0,0,0,0,0,0,6,0,0,0,0,0,0,2,0,Dicyanoacetylene,76,,Guennoun+2005a,~1E-7 mbar,Au,Au,metal,Mono,,NCCCCN,Pure,10,no,0.4 - 1.2 K/min,0.0133333333333333,n.a.,FTIR,0,,1,n.a.,1.00E+13,n.a.,s-1,51+/-5 kj/mol,6134,601,0.529,0.052,,,,1.00E+12,Err:502,,,
X,CH3OCH3,2,6,0,1,0,0,0,0,0,0,9,0,0,0,0,1,0,0,0,Dimethylether,46,,Lattelais+2011,~E-10 torr,Au,Crystalline H$_{2}$O,water,Mono,,CH3OCH3,Pure,80,no,10 K/min,0.16667,,QMS,0,112 - 138,1,n.a.,1.00E+14,+/-E1,s-1,8.1+/-1.0 kcal/mol,4076,503,0.351,0.043,polyani-wigner,,,1.00E+12,Err:502,,,
X,N2,0,0,2,0,0,0,0,0,0,0,2,0,0,0,0,0,0,0,0,Dinitrogen,28,,He+2016,1.5E-10 torr,Au,porous ASW,water,Mono,1,N2,Pure,15,no,0.5 K/s,0.5,n.a.,QMS,0,,1,n.a.,1E12,n.a.,s-1,900 K,938,,0.081,,,,,,,,,
X,N2,0,0,2,0,0,0,0,0,0,0,2,0,0,0,0,0,0,0,0,Dinitrogen,28,,Collings+2015,2E-10 mbar,Amorphous silica,Amorphous silica,si,Mono,0.3,N2,Pure,18,no,0.1-0.5 K/s,0,,QMS,0,,0,n.a.,1.00E+12,n.a.,s-1,8.8 - 11.2 kJ/mol / 1058-1347 K,1100,145,0.095,0.012,,Suggested to form islands on the silica --> H2O rather interacts with itself than the silica --> causes zeroth-order behavious,,1.00E+12,#DIV/0!,,,
X,N2,0,0,2,0,0,0,0,0,0,0,2,0,0,0,0,0,0,0,0,Dinitrogen,28,,Mate+2019,~E-10 mbar,Hydrogenated amorphous carbon,HAC$_{2}$,carbon,Mono,,N2,Pure,17,no,20 K/min,0.333333333333333,,QMS,0,,1,n.a.,1.00E+13,n.a.,s-1,10+/-0.2,1239,24,0.107,0.002,,,,1.00E+12,Err:502,,,
X,O2,0,0,0,2,0,0,0,0,0,0,2,0,0,0,0,0,0,0,0,Dioxygen,32,,Noble+2012a,~1E-10 mbar,Amorphous silicate,crystalline H$_{2}$O,water,Mono,1,O2,Pure,18,no,10 K/min,0.1667,n.a.,QMS,0,,1,n.a.,1.00E+12,n.a.,s-1,969(25),969,25,0.084,0.002,,,,1.00E+12,Err:502,,,
X,O2,0,0,0,2,0,0,0,0,0,0,2,0,0,0,0,0,0,0,0,Dioxygen,32,,Suhasaria+2017,5E-10 mbar,Forsterite (Mg2SiO4),Forsterite (Mg$_{2}$SiO$_{4}$),si,Mono,0.9,O2,Pure,17,no,0.3 K/s,0.3,,QMS,0,,1,n.a.,1.00E+12,n.a.,s-1,9.7,1055,12,0.091,0.001,,,,1.00E+12,Err:502,,,
X,O2,0,0,0,2,0,0,0,0,0,0,2,0,0,0,0,0,0,0,0,Dioxygen,32,,Smith+2016,<1E-10 torr,Pt(111),Graphene,carbon,Mono,1,O2,Pure,25,no,1 K/s,1,,QMS,,,0,n.a.,1.21E+28,+/-2,cm-2 s-1,11.8 kJ/mol,1431,71,0.123,0.006,,,,,,,,
X,C22H46,22,46,0,0,0,0,0,0,0,0,68,0,0,0,0,0,0,0,0,Docosane,310,,"Paserba+2001a,b, Gellman+2019",UHV,Graphite,Graphite,carbon,Mono,,C22H46,Pure,<120,no,2.0 K/s,2,130 - 850,QMS,0,,1,n.a.,1E19.6,+/-E0.5,s-1,167.997461912584,20206,0,1.741,0.000,,,,1.00E+12,Err:502,,,
X,C12H26,12,26,0,0,0,0,0,0,0,0,38,0,0,0,0,0,0,0,0,Dodecane,170,,"Paserba+2001a,b, Gellman+2009",UHV,Graphite,Graphite,carbon,Mono,,C12H26,Pure,<120,no,2.0 K/s,2,130 - 850,QMS,0,,1,n.a.,1E19.6,+/-E0.5,s-1,116.492267835786,14011,0,1.207,0.000,,,,1.00E+12,Err:502,,,
X,C52H106,52,106,0,0,0,0,0,0,0,0,158,0,0,0,0,0,0,0,0,Dopentacontane,730,,"Paserba+2001a,b, Gellman+2051",UHV,Graphite,Graphite,carbon,Mono,,C52H106,Pure,<120,no,2.0 K/s,2,130 - 850,QMS,0,,1,n.a.,1E19.6,+/-E0.5,s-1,273.866307138975,32939,0,2.838,0.000,,,,1.00E+12,Err:502,,,
X,C42H86,42,86,0,0,0,0,0,0,0,0,128,0,0,0,0,0,0,0,0,Dotetracontane,590,,"Paserba+2001a,b, Gellman+2041",UHV,Graphite,Graphite,carbon,Mono,,C42H86,Pure,<120,no,2.0 K/s,2,130 - 850,QMS,0,,1,n.a.,1E19.6,+/-E0.5,s-1,243.19110933313,29250,0,2.521,0.000,,,,1.00E+12,Err:502,,,
X,C32H66,32,66,0,0,0,0,0,0,0,0,98,0,0,0,0,0,0,0,0,Dotriacontane,450,,"Paserba+2001a,b, Gellman+2030",UHV,Graphite,Graphite,carbon,Mono,,C32H66,Pure,120,no,2.0 K/s,2,130 - 850,QMS,523,,1,n.a.,1E19.6,+/-E0.5,s-1,208.6 kJ/mol,25089,0,2.162,n.a.,,Edes = -29+42*n^0.5 for n-alkanes,,1.00E+12,15459,,,
X,C2H6,2,6,0,0,0,0,0,0,0,0,8,0,0,0,0,0,0,0,0,Ethane,30,,Carrascosa+2020,4E-11 mbar,MgF2,MgF$_{2}$,other,Mono,,CH4,Pure,8,VUV,1 K/min,0.01667,,QMS,66,66.1 - 67,0,n.a.,0,?,?,2042 - 2070 K,2055,,,,,Different Tdes for isotope experiments - within experimental uncertainty. Ebin determined by multiplying the peak Tdes with 30.9. see Luna+2017,,1.00E+12,2130,,,
X,C2H6,2,6,0,0,0,0,0,0,0,0,8,0,0,0,0,0,0,0,0,Ethane,30,,Behmard+2019,<5E-10 torr,CsI,porous ASW,water,Mono,,C2H6,Pure,11,no,2 K/min,0.0333,,QMS,67,,1,n.a.,6E16,+44/-5.2,s-1,3000+40/-20 [200],2663,,,,#NAME?,Fitted with a  range of binding energies. mean binding energy is given + FWHM range,,1.00E+12,2117,,,
X,C2H6,2,6,0,0,0,0,0,0,0,0,8,0,0,0,0,0,0,0,0,Ethane,30,,Tait+2005b,~1E-10 torr,MgO(100),MgO(100),metal,Mono,,C2H6,Pure,24,no,0.6 K/s,0.6,n.a.,QMS,75,n.a.,1,n.a.,1E14.9,n.a.,s-1,22.2 kJ/mol,2670,0,0.230,0.000,,,,1.00E+12,2161,,,
X,C2H6,2,6,0,0,0,0,0,0,0,0,8,0,0,0,0,0,0,0,0,Ethane,30,,Smith+2016,<1E-10 torr,Pt(111),Graphene,carbon,Mono,1,C2H6,Pure,25,no,1 K/s,1,,QMS,,,0,n.a.,5.06E+028,+/-2,cm-2 s-1,24.8 kJ/mol,2983,149,0.257,0.013,,,,,,,,
X,CH3CH2OH,2,6,0,1,0,0,0,0,0,0,9,1,0,0,0,0,0,0,0,Ethanol,46,,Ulbricht+2006,1E-10 mbar,HOPG,HOPG,carbon,Mono,,CH3CH2OH,Pure,20 (?),no,1.0 K/s,1,,QMS,162,n.a.,0,n.a.,2E15,+/-E2,,50+/-3 kJ/mol,6014,361,0.518,0.031,dTheta/dt = -nu*theta^n*exp(-Ea/kb*T),Also data for SWCNT available,,1.00E+12,4711,,,
X,CH3CH2OCHO,3,6,0,2,0,0,0,0,0,0,11,0,0,0,1,0,0,0,0,Ethyl formate,74,YES,Salter+2019,<2E-10 mbar,HOPG,HOPG,carbon,Mono,,CH3CH2OCHO,Pure,30,no,0.5 K / s,0.5,n.a.,QMS,120,118 - 126,0.79,+/-0.14,4.2E20,+/-E1.3,s-1,43.2+/-3.0 KJ/mol,5196,361,0.448,0.031,,Different Tdes for different exposures,,1.00E+12,3537,,,
X,CH3CH2OCHO,3,6,0,2,0,0,0,0,0,0,11,0,0,0,1,0,0,0,0,Ethyl formate,74,,Salter+2019,<2E-10 mbar,HOPG,ASW,water,Mono,,CH3CH2OCHO,Pure,30,no,0.5 K / s,0.5,n.a.,QMS,134,n.a.,1,+/-0.1,1E16,+/-E1,s-1,48.5+/-2.0 KJ/mol,5833,241,0.503,0.021,,Different Tdes for different exposures,,1.00E+12,3964,,,
X,CH3CH2C6H5,8,10,0,0,0,0,0,0,0,0,18,0,0,0,0,0,0,0,0,Ethylbenzene,106,,Ulbricht+2006,1E-10 mbar,HOPG,HOPG,carbon,Mono,,CH3CH2C6H5,Pure,20 (?),no,1.0 K/s,1,,QMS,205,,0.5,n.a.,5E19,E+/-3,s-1,79+/-10 kJ/mol,9502,1203,0.819,0.104,dTheta/dt = -nu*theta^n*exp(-Ea/kb*T),Also data for SWCNT available,,1.00E+12,6009,,,
X,C2H4,2,4,0,0,0,0,0,0,0,0,6,0,0,0,0,0,0,0,0,Ethylene,28,,Behmard+2019,<5E-10 torr,CsI,porous ASW,water,Mono,,C2H4,Pure,11,no,2 K/min,0.0333,,QMS,68,,1,n.a.,4E15,+36/-3.5 ,s-1,2800+5/-5 [150],2600,,,,#NAME?,Fitted with a  range of binding energies. mean binding energy is given + FWHM range,,1.00E+12,2150,,,
X,CH3CHCl2,2,4,0,0,0,0,2,0,0,0,8,0,0,0,0,0,0,0,0,Ethylidene chloride,98,,Ulbricht+2006,1E-10 mbar,HOPG,HOPG,carbon,Mono,,CH3CHCl2,Pure,20 (?),no,1.25 K/s,1.25,,QMS,159,,0,n.a.,1E16,E+/-2,s-1,51+/-3 kJ/mol,6134,361,0.529,0.031,dTheta/dt = -nu*theta^n*exp(-Ea/kb*T),Also data for SWCNT available,,1.00E+12,4585,,,
X,NH2CHO,1,3,1,1,0,0,0,0,0,0,6,0,0,0,0,0,0,0,1,Formamide,45,,Parmeter+1988,1E-10 torr,Ru(001),Ru(001),metal,Mono,,NH2CHO,Pure,80,,8 K/s,8,,QMS,225,,1,n.a.,10000000000000,n.a.,s-1,13 kcal/mol,6545,0,0.564,0.000,,,,1.00E+12,6149,,,
X,NH2CHO,1,3,1,1,0,0,0,0,0,0,6,0,0,0,0,0,0,0,1,Formamide,45,,Chaabouni+2018,~E-10 mbar,HOPG,np-ASW,water,Mono,,NH2CHO,Pure,40,no,0.2 K/s,0.2,40 - 240,QMS,176,,1,n.a.,1E+018,n.a.,s-1,7460 - 9380 K,7700,,0.664,,,,,1.00E+12,5416,,,
X,NH2CHO,1,3,1,1,0,0,0,0,0,0,6,0,0,0,0,0,0,0,1,Formamide,45,,Chaabouni+2018,~E-10 mbar,HOPG,HOPG,carbon,Mono,,NH2CHO,Pure,40,no,0.2 K/s,0.2,40 - 240,QMS,176,,1,n.a.,1E+018,n.a.,s-1,7460 - 9380 K,7770,,0.670,,,,,1.00E+12,5416,,,
X,C5H5N5O,5,5,5,1,0,0,0,0,0,0,16,0,0,0,0,0,1,0,1,Guanine,151,NO,Demers+2002,UHV,Au,Au(100),metal,Mono,,Guanine,Pure,room T,no,0.25K/s,0.25,n.a.,FTIR,488,n.a.,1,n.a.,0,n.a.,n.a.,146+/-2 KJ/mol,16418,241,1.415,0.021,Redhead equation- A unknown,Uses readhead equation to determine binding energy,,1.00E+12,15405,,,
X,C21H44,21,44,0,0,0,0,0,0,0,0,65,0,0,0,0,0,0,0,0,Henicosane,296,,"Paserba+2001a,b, Gellman+2018",UHV,Graphite,Graphite,carbon,Mono,,C21H44,Pure,<120,no,2.0 K/s,2,130 - 850,QMS,0,,1,n.a.,1E19.6,+/-E0.5,s-1,163.468179188145,19661,0,1.694,0.000,,,,1.00E+12,Err:502,,,
X,C51H104,51,104,0,0,0,0,0,0,0,0,155,0,0,0,0,0,0,0,0,Henpentacontane,716,,"Paserba+2001a,b, Gellman+2050",UHV,Graphite,Graphite,carbon,Mono,,C51H104,Pure,<120,no,2.0 K/s,2,130 - 850,QMS,0,,1,n.a.,1E19.6,+/-E0.5,s-1,270.9399939988,32587,0,2.808,0.000,,,,1.00E+12,Err:502,,,
X,C41H84,41,84,0,0,0,0,0,0,0,0,125,0,0,0,0,0,0,0,0,Hentetracontane,576,,"Paserba+2001a,b, Gellman+2040",UHV,Graphite,Graphite,carbon,Mono,,C41H84,Pure,<120,no,2.0 K/s,2,130 - 850,QMS,0,,1,n.a.,1E19.6,+/-E0.5,s-1,239.93121797218,28858,0,2.487,0.000,,,,1.00E+12,Err:502,,,
X,C31H64,31,64,0,0,0,0,0,0,0,0,95,0,0,0,0,0,0,0,0,Hentriacontane,436,,"Paserba+2001a,b, Gellman+2029",UHV,Graphite,Graphite,carbon,Mono,,C31H64,Pure,<120,no,2.0 K/s,2,130 - 850,QMS,0,,1,n.a.,1E19.6,+/-E0.5,s-1,204.846103238861,24638,0,2.123,0.000,,,,1.00E+12,Err:502,,,
X,C27H56,27,56,0,0,0,0,0,0,0,0,83,0,0,0,0,0,0,0,0,Heptacosane,380,,"Paserba+2001a,b, Gellman+2024",UHV,Graphite,Graphite,carbon,Mono,,C27H56,Pure,<120,no,2.0 K/s,2,130 - 850,QMS,0,,1,n.a.,1E19.6,+/-E0.5,s-1,189.238401753679,22761,0,1.961,0.000,,,,1.00E+12,Err:502,,,
X,C17H36,17,36,0,0,0,0,0,0,0,0,53,0,0,0,0,0,0,0,0,Heptadecane,240,,"Paserba+2001a,b, Gellman+2014",UHV,Graphite,Graphite,carbon,Mono,,C17H36,Pure,<120,no,2.0 K/s,2,130 - 850,QMS,0,,1,n.a.,1E19.6,+/-E0.5,s-1,144.170436275942,17340,0,1.494,0.000,,,,1.00E+12,Err:502,,,
X,C7H16,7,16,0,0,0,0,0,0,0,0,23,0,0,0,0,0,0,0,0,Heptane,100,,"Paserba+2001a,b, Gellman+2004",UHV,Graphite,Graphite,carbon,Mono,,C7H16,Pure,<120,no,2.0 K/s,2,130 - 850,QMS,211,,1,n.a.,1E19.6,+/-E0.5,s-1,82.1 kJ/mol,9874,0,0.851,n.a.,,Edes = -29+42*n^0.5 for n-alkanes,,1.00E+12,6045,,,
X,C57H116,57,116,0,0,0,0,0,0,0,0,173,0,0,0,0,0,0,0,0,Heptapentacontane,800,,"Paserba+2001a,b, Gellman+2056",UHV,Graphite,Graphite,carbon,Mono,,C57H116,Pure,<120,no,2.0 K/s,2,130 - 850,QMS,0,,1,n.a.,1E19.6,+/-E0.5,s-1,288.093046281371,34650,0,2.986,0.000,,,,1.00E+12,Err:502,,,
X,C47H96,47,96,0,0,0,0,0,0,0,0,143,0,0,0,0,0,0,0,0,Heptatetracontane,660,,"Paserba+2001a,b, Gellman+2046",UHV,Graphite,Graphite,carbon,Mono,,C47H96,Pure,<120,no,2.0 K/s,2,130 - 850,QMS,0,,1,n.a.,1E19.6,+/-E0.5,s-1,258.937493216844,31144,0,2.684,0.000,,,,1.00E+12,Err:502,,,
X,C37H76,37,76,0,0,0,0,0,0,0,0,113,0,0,0,0,0,0,0,0,Heptatriacontane,520,,"Paserba+2001a,b, Gellman+2036",UHV,Graphite,Graphite,carbon,Mono,,C37H76,Pure,<120,no,2.0 K/s,2,130 - 850,QMS,0,,1,n.a.,1E19.6,+/-E0.5,s-1,226.476026272525,27239,0,2.347,0.000,,,,1.00E+12,Err:502,,,
X,C60H122,60,122,0,0,0,0,0,0,0,0,182,0,0,0,0,0,0,0,0,Hexacontane,842,,"Paserba+2001a,b, Gellman+2059",UHV,Graphite,Graphite,carbon,Mono,,C60H122,Pure,<120,no,2.0 K/s,2,130 - 850,QMS,0,,1,n.a.,1E19.6,+/-E0.5,s-1,296.330601081423,35641,0,3.071,0.000,,,,1.00E+12,Err:502,,,
X,C26H54,26,54,0,0,0,0,0,0,0,0,80,0,0,0,0,0,0,0,0,Hexacosane,366,,"Paserba+2001a,b, Gellman+2023",UHV,Graphite,Graphite,carbon,Mono,,C26H54,Pure,<120,no,2.0 K/s,2,130 - 850,QMS,0,,1,n.a.,1E19.6,+/-E0.5,s-1,185.158819570897,22270,0,1.919,0.000,,,,1.00E+12,Err:502,,,
X,C16H34,16,34,0,0,0,0,0,0,0,0,50,0,0,0,0,0,0,0,0,Hexadecane,226,,"Paserba+2001a,b, Gellman+2013",UHV,Graphite,Graphite,carbon,Mono,,C16H34,Pure,<120,no,2.0 K/s,2,130 - 850,QMS,0,,1,n.a.,1E19.6,+/-E0.5,s-1,139,16718,0,1.441,0.000,,,,1.00E+12,Err:502,,,
X,C6H14,6,14,0,0,0,0,0,0,0,0,20,0,0,0,0,0,0,0,0,Hexane,86,,Slayton+1995,5E-10 torr,Al2O3(0001),Al$_{2}$O$_{3}$(0001),other,Mono,,C6H14,Pure,,no,0.2 - 20 K/s,0,,QMS,0,,1,n.a.,5.40E+09,+/-E1.5,s-1,10.4+/-0.8 kJ/mol,5233,403,0.451,0.035,,,,1.00E+12,#DIV/0!,,,
X,C6H14,6,14,0,0,0,0,0,0,0,0,20,0,0,0,0,0,0,0,0,Hexane,86,,Tait+2005b,~1E10 mbar,MgO(100),MgO(100),metal,Mono,,C6H14,Pure,30,no,0.6 K/s,0.6,n.a.,QMS,144,n.a.,1,n.a.,1.00E+16,n.a.,s-1,46.4 kJ/mol,5581,0,0.481,0.000,,,,1.00E+12,4244,,,
X,C6H14,6,14,0,0,0,0,0,0,0,0,20,0,0,0,0,0,0,0,0,Hexane,86,,"Paserba+2001a,b, Gellman+2003",UHV,Graphite,Graphite,carbon,Mono,,C6H14,Pure,<120,no,2.0 K/s,2,130 - 850,QMS,0,,1,n.a.,1E19.6,+/-E0.5,s-1,73.8785691968935,8886,0,0.766,0.000,,,,1.00E+12,Err:502,,,
X,C56H114,56,114,0,0,0,0,0,0,0,0,170,0,0,0,0,0,0,0,0,Hexapentacontane,786,,"Paserba+2001a,b, Gellman+2055",UHV,Graphite,Graphite,carbon,Mono,,C56H114,Pure,<120,no,2.0 K/s,2,130 - 850,QMS,0,,1,n.a.,1E19.6,+/-E0.5,s-1,285.299220489011,34314,0,2.957,0.000,,,,1.00E+12,Err:502,,,
X,C46H94,46,94,0,0,0,0,0,0,0,0,140,0,0,0,0,0,0,0,0,Hexatetracontane,646,,"Paserba+2001a,b, Gellman+2045",UHV,Graphite,Graphite,carbon,Mono,,C46H94,Pure,<120,no,2.0 K/s,2,130 - 850,QMS,0,,1,n.a.,1E19.6,+/-E0.5,s-1,255.857859291261,30773,0,2.652,0.000,,,,1.00E+12,Err:502,,,
X,C36H74,36,74,0,0,0,0,0,0,0,0,110,0,0,0,0,0,0,0,0,Hexatriacontane,506,,"Paserba+2001a,b, Gellman+2035",UHV,Graphite,Graphite,carbon,Mono,,C36H74,Pure,<120,no,2.0 K/s,2,130 - 850,QMS,0,,1,n.a.,1E19.6,+/-E0.5,s-1,223,26821,0,2.311,0.000,,,,1.00E+12,Err:502,,,
X,NH2OH,0,3,1,1,0,0,0,0,0,0,5,1,0,0,0,0,1,0,0,Hydroxylamine,33,,Congiu+2012a,~1E-10 mbar,Amorphous silicate,Amorphous silicate,si,Mono,,NO:H,Pure,10,Hydrogenation,?,0.0166666666666667,10 - 200,QMS,188,n.a.,1,n.a.,1.00E+13,n.a.,s-1,54.2+/-0.2 kJ/mol,6519,24,0.562,0.002,,,,1.00E+12,6264,,,
X,C20H42,20,42,0,0,0,0,0,0,0,0,62,0,0,0,0,0,0,0,0,Icosane,282,,"Paserba+2001a,b, Gellman+2017",UHV,Graphite,Graphite,carbon,Mono,,C20H42,Pure,<120,no,2.0 K/s,2,130 - 850,QMS,0,,1,n.a.,1E19.6,+/-E0.5,s-1,158.829710109982,19103,0,1.646,0.000,,,,1.00E+12,Err:502,,,
X,HNCO,1,1,1,1,0,0,0,0,0,0,4,0,0,0,0,0,0,0,0,Isocyanic acid,43,,Noble+2015,~1E-10 mbar,HOPG,HOPG,carbon,Mono,,HNCO,Pure,90,hydrogenation,12 K/min,0.2,10 - ?,QMS,120,,0,n.a.,1E28,n.a.,cm-2 s-1,31.0+/-1.6 kj mol-1,3729,192,0.321,0.017,,,,1.00E+12,3647,,,
X,HNCO,1,1,1,1,0,0,0,0,0,0,4,0,0,0,0,0,0,0,0,Isocyanic acid,43,,Noble+2015,~1E-10 mbar,HOPG,HOPG,carbon,Mono,,HNCO,Pure,90,hydrogenation,12 K/min,0.2,10 - ?,QMS,120,,0,n.a.,1E28,n.a.,cm-2 s-1,32.9+/-1.7 kj mol-1,3957,204,0.341,0.018,,,,1.00E+12,3647,,,
X,CH4,1,4,0,0,0,0,0,0,0,0,5,0,0,0,0,0,0,0,0,Methane,16,,Suhasaria+2017,5E-10 mbar,Forsterite (Mg2SiO4),Forsterite (Mg$_{2}$SiO$_{4}$),si,Mono,1,CH4,Pure,17,no,0.3 K/s,0.3,,QMS,0,,1,n.a.,1.00E+12,n.a.,s-1,11+/-0.1,1323,12,0.114,0.001,,,,1.00E+12,Err:502,,,
X,CH4,1,4,0,0,0,0,0,0,0,0,5,0,0,0,0,0,0,0,0,Methane,16,,Smith+2016,<1E-10 torr,Pt(111),ASW,water,Mono,1,CH4,Pure,25,no,1 K/s,1,,QMS,0,,1,n.a.,1.10E+16,+/-E0.5,s-1,11.4 kJ/mol,1371,69,0.118,0.006,,Most probably binding energy value,,1.00E+12,Err:502,,,
X,CH4,1,4,0,0,0,0,0,0,0,0,5,0,0,0,0,0,0,0,0,Methane,16,,Suhasaria+2017,5E-10 mbar,Forsterite (Mg2SiO4),Forsterite (Mg$_{2}$SiO$_{4}$),si,Mono,0.9,CH4,Pure,17,no,0.3 K/s,0.3,,QMS,0,,1,n.a.,1.00E+12,n.a.,s-1,11.5,1383,0,0.119,0.000,,,,1.00E+12,Err:502,,,
X,CH4,1,4,0,0,0,0,0,0,0,0,5,0,0,0,0,0,0,0,0,Methane,16,,Tait+2005b,~1E-10 Torr,MgO(100),MgO(100),metal,Mono,,CH4,Pure,24,no,0.6 K/s,0.6,n.a.,QMS,47,n.a.,1,n.a.,1E13.1,n.a.,s-1,12.1 kJ/mol,1455,0,0.125,0.000,,,,1.00E+12,1333,,,
X,CH4,1,4,0,0,0,0,0,0,0,0,5,0,0,0,0,0,0,0,0,Methane,16,,Ulbricht+2006,1E-10 mbar,HOPG,HOPG,carbon,Mono,,CH4,Pure,20 (?),no,1.0 K/s,1,,QMS,56,,0,n.a.,4E15,+/-E1,cm-2 s-1,17+/-1 kJ/mol,1702,120,0.147,0.010,dTheta/dt = -nu*theta^n*exp(-Ea/kb*T),Also data for SWCNT available,,1.00E+12,1569,,,
X,CH3SH,1,4,0,0,0,1,0,0,0,0,6,0,0,0,0,0,0,0,0,Methanethiol,48,,Liu+2002b,~5E-10 torr,Au(111),Au(111),metal,Mono,,CH3SH,Pure,100,no,3 K/s,3,100 - 1200,QMS,139,n.a.,1,n.a.,1E13,?,n.a.,8 kcal/mol,4026,0,0.347,0.000,Redhead equation,,,1.00E+12,3868,,,
X,CH3OH,1,4,0,1,0,0,0,0,0,0,6,1,0,0,0,0,0,0,0,Methanol,32,,Bahr+2008,5E-10 torr,Silver,ASW,water,Mono,,CH3OH,Pure,125,no,10 K/min,0.166666666666667,n.a.,QMS,165,n.a.,1,n.a.,1.00E+13,n.a.,s-1,45 kJ/mol,5412,0,0.466,0,,,,1.00E+12,5097,,,
X,CH3OH,1,4,0,1,0,0,0,0,0,0,6,1,0,0,0,0,0,0,0,Methanol,32,,Ulbricht+2006,1E-10 mbar,HOPG,HOPG,carbon,Mono,,CH3OH,Pure,20 (?),no,1.0 K/s,1,,QMS,147,,0,n.a.,3E16,+/-E2,s-1,48+/-3 kJ/mol,5773,361,0.497,0.031,dTheta/dt = -nu*theta^n*exp(-Ea/kb*T),Also data for SWCNT available,,1.00E+12,4260,,,
X,CH3OCHO,2,4,0,2,0,0,0,0,0,0,8,0,0,0,1,0,0,0,0,Methyl formate,60,,Burke+2015c,2E-10 mbar,HOPG,Crystalline H$_{2}$O,water,Mono,,CH3OCHO,Pure,23,no,0.5 K/s,0.5,n.a.,QMS,127,,0,n.a.,0,?,?,38.4+/-4.4 kJ/mol 4506,4506,529,0.388,0.046,polyani-wigner,Clear volcano and co-desorption peaks with water,,1.00E+12,3750,,,
X,CH3CCH,3,4,0,0,0,0,0,0,0,0,7,0,0,0,0,0,0,0,0,Methylacetylene,40,,Behmard+2019,<5E-10 torr,CsI,porous ASW,water,Mono,,C3H4,Pure,11,no,2 K/min,0.03333,,QMS,97,n.a.,1,n.a.,1E19,+4/-0.8,s-1,4700+70/-80 [230],4550,230,,,#NAME?,Fitted with a  range of binding energies. mean binding energy is given + FWHM range,,1.00E+12,3101,,,
,CH3NH2,1,5,1,0,0,0,0,0,0,0,7,0,0,0,0,0,1,0,0,Methylamine,31,,Chaabouni+2018,,np-ASW,np-ASW,water,Mono,,CH3NH2,,40,no,0.2 K/s,0.2,,,137,,0,,0,,,3900-4500K,4200,,0.362,,,,,1.00E+12,4181,,,
,CH3NH2,1,5,1,0,0,0,0,0,0,0,7,0,0,0,0,0,1,0,0,Methylamine,31,,Chaabouni+2018,,HOPG,HOPG,carbon,Mono,,CH3NH2,,40,no,0.2 K/s,0.2,,,160,,0,,0,,,5050-8420K,7000,,0.603,,,,,1.00E+12,4908,,,
X,CH3NC,2,3,1,0,0,0,0,0,0,0,6,0,0,0,0,0,0,1,0,methylisocyanide,41,,Bertin+2017,1E-10 Torr,alpha-quartz(0001),alpha-quartz(0001),si,Mono,<0.3,CH3NC,Pure,90?,no,12 K/min,0.2,,QMS,120,115 - 125,1,n.a.,3E17,+/-E0.5,s-1,460+/-70 meV,5165,812,0.445,0.070,,Ebin is maximum of a range,,1.00E+12,3647,,,
X,CH3NC,2,3,1,0,0,0,0,0,0,0,6,0,0,0,0,0,0,1,0,methylisocyanide,41,,Bertin+2017,1E-10 Torr,Au,ASW,water,Mono,0.7-1.0,CH3NC,Pure,90?,no,10 K/min,0.1667,,QMS,135,~135,1,n.a.,1E18,+/-E0.5,s-1,540+/-30 meV,6267,348,0.540,0.030,,Ebin is maximum of a range. desorbing water ice plays a role in CH3CN desorption,,1.00E+12,4143,,,
X,C4H10,4,10,0,0,0,0,0,0,0,0,14,0,0,0,0,0,0,0,0,n-Butane,58,,Slayton+1995,5E-10 torr,Al2O3(0001),Al$_{2}$O$_{3}$(0001),other,Mono,,C4H10,Pure,,no,0.2 - 20 K/s,0,,QMS,0,,1,n.a.,4.00E+10,+/-E2.5,s-1,8.4+/-1.4 kcal/mol,4208,705,0.363,0.061,,,,1.00E+12,#DIV/0!,,,
X,(CH3)2NCHO,3,7,1,1,0,0,0,0,0,0,12,0,0,0,0,0,0,0,1,"N,N-Dimethylformamide",73,,Ulbricht+2006,1E-10 mbar,HOPG,HOPG,carbon,Mono,,(CH3)2NCHO,Pure,20 (?),no,1.0 K/s,1,,QMS,186,,0,n.a.,1E14,E+/-3,s-1,53+/-4 kJ/mol,6374,481,0.549,0.041,dTheta/dt = -nu*theta^n*exp(-Ea/kb*T),Also data for SWCNT available,,1.00E+12,5434,,,
X,C10H8,10,8,0,0,0,0,0,0,0,0,18,0,0,0,0,0,0,0,0,Naphthalene,128,,Ulbricht+2006,1E-10 mbar,HOPG,HOPG,carbon,Mono,,C10H8,Pure,20 (?),no,1.0 K/s,1,,QMS,235,,1,n.a.,6E16,E+/-2,s-1,77+/-9 kJ/mol,9261,1082,0.798,0.093,dTheta/dt = -nu*theta^n*exp(-Ea/kb*T),Also data for SWCNT available,,1.00E+12,6921,,,
X,NO2,0,0,1,2,0,0,0,0,0,0,3,0,0,0,0,0,0,0,0,Nitrogen dioxide,46,,Ulbricht+2006,1E-10 mbar,HOPG,HOPG,carbon,Mono,,NO2,Pure,20 (?),no,0.5 K/s,0.5,,QMS,144,n.a.,1,n.a.,6E16,E+/-2,s-1,37+/-6 kJ/mol,4450,722,0.383,0.062,dTheta/dt = -nu*theta^n*exp(-Ea/kb*T),Also data for SWCNT available,,1.00E+12,4270,,,
X,N2O,0,0,2,1,0,0,0,0,0,0,3,0,0,0,0,0,0,0,0,Nitrous oxide,44,YES,Congiu+2012a,~1E-10 mbar,Amorphous silicate,Amorphous silicate,si,Mono,,NO:H,Pure,10,Hydrogenation,?,0.0166666666666667,10 - 200,QMS,85,n.a.,1,n.a.,1.00E+13,n.a.,s-1,23.05+/-0.15 kj/mol,2772,18,0.239,0.002,,,,1.00E+12,2765,,,
X,C29H60,29,60,0,0,0,0,0,0,0,0,89,0,0,0,0,0,0,0,0,Nonacosane,408,,"Paserba+2001a,b, Gellman+2027",UHV,Graphite,Graphite,carbon,Mono,,C29H60,Pure,<120,no,2.0 K/s,2,130 - 850,QMS,0,,1,n.a.,1E19.6,+/-E0.5,s-1,197.176921899649,23715,0,2.044,0.000,,,,1.00E+12,Err:502,,,
X,C19H40,19,40,0,0,0,0,0,0,0,0,59,0,0,0,0,0,0,0,0,Nonadecane,268,,"Paserba+2001a,b, Gellman+2016",UHV,Graphite,Graphite,carbon,Mono,,C19H40,Pure,<120,no,2.0 K/s,2,130 - 850,QMS,0,,1,n.a.,1E19.6,+/-E0.5,s-1,154.073755628708,18531,0,1.597,0.000,,,,1.00E+12,Err:502,,,
X,C9H20,9,20,0,0,0,0,0,0,0,0,29,0,0,0,0,0,0,0,0,Nonane,128,,"Paserba+2001a,b, Gellman+2006",UHV,Graphite,Graphite,carbon,Mono,,C9H20,Pure,<120,no,2.0 K/s,2,130 - 850,QMS,0,,1,n.a.,1E19.6,+/-E0.5,s-1,97,11667,0,1.005,0.000,,,,1.00E+12,Err:502,,,
X,C59H120,59,120,0,0,0,0,0,0,0,0,179,0,0,0,0,0,0,0,0,Nonapentacontane,828,,"Paserba+2001a,b, Gellman+2058",UHV,Graphite,Graphite,carbon,Mono,,C59H120,Pure,<120,no,2.0 K/s,2,130 - 850,QMS,0,,1,n.a.,1E19.6,+/-E0.5,s-1,293.608121410482,35314,0,3.043,0.000,,,,1.00E+12,Err:502,,,
X,C49H100,49,100,0,0,0,0,0,0,0,0,149,0,0,0,0,0,0,0,0,Nonatetracontane,688,,"Paserba+2001a,b, Gellman+2048",UHV,Graphite,Graphite,carbon,Mono,,C49H100,Pure,<120,no,2.0 K/s,2,130 - 850,QMS,0,,1,n.a.,1E19.6,+/-E0.5,s-1,265,31873,0,2.747,0.000,,,,1.00E+12,Err:502,,,
X,C39H80,39,80,0,0,0,0,0,0,0,0,119,0,0,0,0,0,0,0,0,Nonatriacontane,548,,"Paserba+2001a,b, Gellman+2038",UHV,Graphite,Graphite,carbon,Mono,,C39H80,Pure,<120,no,2.0 K/s,2,130 - 850,QMS,0,,1,n.a.,1E19.6,+/-E0.5,s-1,233.289915932733,28059,0,2.418,0.000,,,,1.00E+12,Err:502,,,
X,(CH3)2C6H4,8,10,0,0,0,0,0,0,0,0,18,0,0,0,0,0,0,0,0,o-Xylene,106,NO,Salter+2018,<2E-10 mbar,HOPG,HOPG,carbon,Mono,,(CH3)2C6H4,,,,,0,,,153,150 - 156,0.9,+/-0.1,1E16,+/-E1,,49.8+/-7.3KJ/mol,6062,,,,,,,1.00E+12,#DIV/0!,,,
X,C28H58,28,58,0,0,0,0,0,0,0,0,86,0,0,0,0,0,0,0,0,Octacosane,394,,"Paserba+2001a,b, Gellman+2025",UHV,Graphite,Graphite,carbon,Mono,,C28H58,Pure,<120,no,2.0 K/s,2,130 - 850,QMS,485,,1,n.a.,1E19.6,+/-E0.5,s-1,193.243110129426,23242,0,2.003,0.000,,,,1.00E+12,14299,,,
X,C18H38,18,38,0,0,0,0,0,0,0,0,56,0,0,0,0,0,0,0,0,Octadecane,254,,"Paserba+2001a,b, Gellman+2015",UHV,Graphite,Graphite,carbon,Mono,,C18H38,Pure,<120,no,2.0 K/s,2,130 - 850,QMS,0,,1,n.a.,1E19.6,+/-E0.5,s-1,149.19090885901,17944,0,1.546,0.000,,,,1.00E+12,Err:502,,,
X,C8H18,8,18,0,0,0,0,0,0,0,0,26,0,0,0,0,0,0,0,0,Octane,114,,Tait+2005b,~1E10 mbar,MgO(100),MgO(100),metal,Mono,,C8H18,Pure,115,no ,0.6 K/s,0.6,n.a.,QMS,175,n.a.,1,n.a.,1E17.9,n.a.,s-1,62.9 kJ/mol,7565,0,0.652,0.000,,,,1.00E+12,5192,,,
X,C8H18,8,18,0,0,0,0,0,0,0,0,26,0,0,0,0,0,0,0,0,Octane,114,,"Paserba+2001a,b, Gellman+2005",UHV,Graphite,Graphite,carbon,Mono,,C8H18,Pure,<120,no,2.0 K/s,2,130 - 850,QMS,0,,1,n.a.,1E19.6,+/-E0.5,s-1,89.79393923934,10800,0,0.931,0.000,,,,1.00E+12,Err:502,,,
X,C58H118,58,118,0,0,0,0,0,0,0,0,176,0,0,0,0,0,0,0,0,Octapentacontane,814,,"Paserba+2001a,b, Gellman+2057",UHV,Graphite,Graphite,carbon,Mono,,C58H118,Pure,<120,no,2.0 K/s,2,130 - 850,QMS,0,,1,n.a.,1E19.6,+/-E0.5,s-1,290.862470446284,34983,0,3.015,0.000,,,,1.00E+12,Err:502,,,
X,C48H98,48,98,0,0,0,0,0,0,0,0,146,0,0,0,0,0,0,0,0,Octatetracontane,674,,"Paserba+2001a,b, Gellman+2047",UHV,Graphite,Graphite,carbon,Mono,,C48H98,Pure,<120,no,2.0 K/s,2,130 - 850,QMS,0,,1,n.a.,1E19.6,+/-E0.5,s-1,261.984535671571,31510,0,2.715,0.000,,,,1.00E+12,Err:502,,,
X,C38H78,38,78,0,0,0,0,0,0,0,0,116,0,0,0,0,0,0,0,0,Octatriacontane,534,,"Paserba+2001a,b, Gellman+2037",UHV,Graphite,Graphite,carbon,Mono,,C38H78,Pure,<120,no,2.0 K/s,2,130 - 850,QMS,0,,1,n.a.,1E19.6,+/-E0.5,s-1,229.905388124697,27652,0,2.383,0.000,,,,1.00E+12,Err:502,,,
X,C50H102,50,102,0,0,0,0,0,0,0,0,152,0,0,0,0,0,0,0,0,Pentacontane,702,,"Paserba+2001a,b, Gellman+2049",UHV,Graphite,Graphite,carbon,Mono,,C50H102,Pure,<120,no,2.0 K/s,2,130 - 850,QMS,0,,1,n.a.,1E19.6,+/-E0.5,s-1,267.98484809835,32232,0,2.778,0.000,,,,1.00E+12,Err:502,,,
X,C25H52,25,52,0,0,0,0,0,0,0,0,77,0,0,0,0,0,0,0,0,Pentacosane,352,,"Paserba+2001a,b, Gellman+2022",UHV,Graphite,Graphite,carbon,Mono,,C25H52,Pure,<120,no,2.0 K/s,2,130 - 850,QMS,0,,1,n.a.,1E19.6,+/-E0.5,s-1,181,21770,0,1.876,0.000,,,,1.00E+12,Err:502,,,
X,C15H32,15,32,0,0,0,0,0,0,0,0,47,0,0,0,0,0,0,0,0,Pentadecane,212,,"Paserba+2001a,b, Gellman+2012",U+Z600:AC600HV,Graphite,Graphite,carbon,Mono,,C15H32,Pure,<120,no,2.0 K/s,2,130 - 850,QMS,0,,1,n.a.,1E19.6,+/-E0.5,s-1,133.665300540712,16077,0,1.385,0.000,,,,1.00E+12,Err:502,,,
X,C5H12,5,12,0,0,0,0,0,0,0,0,17,0,0,0,0,0,0,0,0,Pentane,72,,"Paserba+2001a,b, Gellman+2002",UHV,Graphite,Graphite,carbon,Mono,,C5H12,Pure,<120,no,2.0 K/s,2,130 - 850,QMS,0,,1,n.a.,1E19.6,+/-E0.5,s-1,64.9148550549912,7808,0,0.673,0.000,,,,1.00E+12,Err:502,,,
X,C55H112,55,112,0,0,0,0,0,0,0,0,167,0,0,0,0,0,0,0,0,Pentapentacontane,772,,"Paserba+2001a,b, Gellman+2054",UHV,Graphite,Graphite,carbon,Mono,,C55H112,Pure,<120,no,2.0 K/s,2,130 - 850,QMS,0,,1,n.a.,1E19.6,+/-E0.5,s-1,282.480336458018,33975,0,2.928,0.000,,,,1.00E+12,Err:502,,,
X,C45H92,45,92,0,0,0,0,0,0,0,0,137,0,0,0,0,0,0,0,0,Pentatetracontane,632,,"Paserba+2001a,b, Gellman+2044",UHV,Graphite,Graphite,carbon,Mono,,C45H92,Pure,<120,no,2.0 K/s,2,130 - 850,QMS,0,,1,n.a.,1E19.6,+/-E0.5,s-1,252.744565164974,30399,0,2.620,0.000,,,,1.00E+12,Err:502,,,
X,C35H72,35,72,0,0,0,0,0,0,0,0,107,0,0,0,0,0,0,0,0,Pentatriacontane,492,,"Paserba+2001a,b, Gellman+2034",UHV,Graphite,Graphite,carbon,Mono,,C35H72,Pure,<120,no,2.0 K/s,2,130 - 850,QMS,0,,1,n.a.,1E19.6,+/-E0.5,s-1,219.475350890184,26397,0,2.275,0.000,,,,1.00E+12,Err:502,,,
X,C3H8,3,8,0,0,0,0,0,0,0,0,11,0,0,0,0,0,0,0,0,Propane,44,YES?,Carrascosa+2020,4E-11 mbar,MgF2,MgF$_{2}$,other,Mono,,CH4,Pure,8,VUV,1 K/min,0.01667,,QMS,84,83.5 - 85,0,,0,,,2580 - 2626 K,2580,,0.222,0.000,,Different Tdes for isotope experiments - within experimental uncertainty. Ebin determined by multiplying the peak Tdes with 30.9. see Luna+2017,,1.00E+12,2731,,,
X,C3H8,3,8,0,0,0,0,0,0,0,0,11,0,0,0,0,0,0,0,0,Propane,44,,Behmard+2019,<5E-10 torr,CsI,compact ASW,water,Mono,,C3H8,Pure,11,no,2 K/min,0.03333,,QMS,84,,1,n.a.,4E18,+26/-3.4 ,s-1,4000+60/-80 [280],3446,280,0.297,0.024,#NAME?,Fitted with a  range of binding energies. compact ice grown by annealing to 100K. mean binding energy is given + FWHM range,,1.00E+12,2673,,,
X,C3H8,3,8,0,0,0,0,0,0,0,0,11,0,0,0,0,0,0,0,0,Propane,44,,Tait+2005b,~1E-10 torr,MgO(100),MgO(100),metal,Mono,,C3H8,Pure,24,no,0.6 K/s,0.6,n.a.,QMS,93,n.a.,1,n.a.,1E15.6,n.a.,s-1,29,3488,0,0.301,0.000,,,,1.00E+12,2700,,,
X,C3H8,3,8,0,0,0,0,0,0,0,0,11,0,0,0,0,0,0,0,0,Propane,44,,Smith+2016,<1E-10 torr,Pt(111),Graphene,carbon,Mono,1,C3H8,Pure,25,no,1 K/s,1,,QMS,,,0,n.a.,4.18E+028,+/-2,cm-2 s-1,31.2 kj/mol,3752,188,0.323,0.016,,,,,,,,
X,CH2CHCH3,3,6,0,0,0,0,0,0,0,0,9,0,0,0,0,0,0,0,0,Propene,42,,Behmard+2019,<5E-10 torr,CsI,porous ASW,water,Mono,,C3H6,Pure,11,no,2 K/min,0.03333,,QMS,86,,1,n.a.,6E18,+34/-5.1,s-1,4100+50/-60 [270],3950,60,0.340,0.005,#NAME?,Fitted with a  range of binding energies. mean binding energy is given + FWHM range,,1.00E+12,2739,,,
X,SO2,0,0,0,2,0,1,0,0,0,0,3,0,0,0,0,0,0,0,0,Sulfurdioxide,64,,Liu+2002b,~5E-10 torr,Au(111),Au(111),metal,Mono,,SO2,Pure,100,no,3 K/s,3,100 - 1200,QMS,142,138 - 142,0,?,0,?,n.a.,7.8 kcal/mol,3925,0,0.338,0.000,leading edge analysis,,,1.00E+12,3954,,,
X,C40H82,40,82,0,0,0,0,0,0,0,0,122,0,0,0,0,0,0,0,0,Tetracontane,562,,"Paserba+2001a,b, Gellman+2039",UHV,Graphite,Graphite,carbon,Mono,,C40H82,Pure,<120,no,2.0 K/s,2,130 - 850,QMS,0,,1,n.a.,1E19.6,+/-E0.5,s-1,236.631323454144,28461,0,2.453,0.000,,,,1.00E+12,Err:502,,,
X,C24H50,24,50,0,0,0,0,0,0,0,0,74,0,0,0,0,0,0,0,0,Tetracosane,338,,"Paserba+2001a,b, Gellman+2021",UHV,Graphite,Graphite,carbon,Mono,,C24H50,Pure,<120,no,2.0 K/s,2,130 - 850,QMS,0,,1,n.a.,1E19.6,+/-E0.5,s-1,176.757138393787,21259,0,1.832,0.000,,,,1.00E+12,Err:502,,,
X,C14H30,14,30,0,0,0,0,0,0,0,0,44,0,0,0,0,0,0,0,0,Tetradecan,198,,"Paserba+2001a,b, Gellman+2011",UHV,Graphite,Graphite,carbon,Mono,,C14H30,Pure,<120,no,2.0 K/s,2,130 - 850,QMS,0,,1,n.a.,1E19.6,+/-E0.5,s-1,128.149610244506,15413,0,1.328,0.000,,,,1.00E+12,Err:502,,,
X,C54H110,54,110,0,0,0,0,0,0,0,0,164,0,0,0,0,0,0,0,0,Tetrapentacontane,758,,"Paserba+2001a,b, Gellman+2053",UHV,Graphite,Graphite,carbon,Mono,,C54H110,Pure,<120,no,2.0 K/s,2,130 - 850,QMS,0,,1,n.a.,1E19.6,+/-E0.5,s-1,279.63570759068,33633,0,2.898,0.000,,,,1.00E+12,Err:502,,,
X,C44H90,44,90,0,0,0,0,0,0,0,0,134,0,0,0,0,0,0,0,0,Tetratetracontane,618,,"Paserba+2001a,b, Gellman+2043",UHV,Graphite,Graphite,carbon,Mono,,C44H90,Pure,<120,no,2.0 K/s,2,130 - 850,QMS,0,,1,n.a.,1E19.6,+/-E0.5,s-1,249.596482389854,30020,0,2.587,0.000,,,,1.00E+12,Err:502,,,
X,C34H70,34,70,0,0,0,0,0,0,0,0,104,0,0,0,0,0,0,0,0,Tetratriacontane,478,,"Paserba+2001a,b, Gellman+2033",UHV,Graphite,Graphite,carbon,Mono,,C34H70,Pure,<120,no,2.0 K/s,2,130 - 850,QMS,0,,1,n.a.,1E19.6,+/-E0.5,s-1,215.899979583503,25967,0,2.238,0.000,,,,1.00E+12,Err:502,,,
X,C4H4S,4,4,0,0,0,1,0,0,0,0,9,0,0,0,0,0,0,0,0,Thiophene,84,,Liu+2002b,~5E-10 torr,Au(111),Au(111),metal,Mono,,C4H4S,Pure,100,no,3 K/s,3,100 - 1200,QMS,186,n.a.,1,n.a.,1e13,n.a.,s-1,11 kcal/mol,5536,0,0.477,0.000,Redhead equation,,,1.00E+12,5230,,,
X,C10H14N2O5,10,14,2,5,0,0,0,0,0,0,31,2,0,0,0,1,0,0,1,Thymidine,242,NO,Demers+2002,UHV,Au,Au(100),metal,Mono,,Thymidine,Pure,room T,no,0.25K/min,0.25,,FTIR,0,n.a.,0,n.a.,0,n.a.,n.a.,109+/-3 kJ/mol,13110,361,1.130,0.031,Redhead equation- A & T unknown,Uses readhead equation to determine binding energy,,1.00E+12,Err:502,,,
X,C5H6N2O2,5,6,2,2,0,0,0,0,0,0,15,0,0,0,0,0,0,0,1,Thymine,126,NO,Demers+2002,UHV,Au,Au(100),metal,Mono,,Thymine,Pure,room T,no,0.25K/min,0.25,n.a.,FTIR,378,n.a.,1,n.a.,0,n.a.,n.a.,111+/-2 KJ/mol 12930,12930,241,1.114,0.021,Redhead equation- A unknown,Uses readhead equation to determine binding energy,,1.00E+12,11836,,,
X,CH3C6H5,7,8,0,0,0,0,0,0,0,0,15,0,0,0,0,0,0,0,0,Toluene,92,,Ulbricht+2006,1E-10 mbar,HOPG,HOPG,carbon,Mono,,CH3C6H5,Pure,20,no,1.0 K/s,1,,QMS,179,n.a.,1,n.a.,1E19,+/-E2,s-1,68+/-7 kJ/mol,6916,842,0.596,0.073,dTheta/dt = -nu*theta^n*exp(-Ea/kb*T),Also data for SWCNT available,,1.00E+12,5223,,,
X,C30H62,30,62,0,0,0,0,0,0,0,0,92,0,0,0,0,0,0,0,0,Triacontane,422,,"Paserba+2001a,b, Gellman+2028",UHV,Graphite,Graphite,carbon,Mono,,C30H62,Pure,<120,no,2.0 K/s,2,130 - 850,QMS,0,,1,n.a.,1E19.6,+/-E0.5,s-1,201.04347415217,24181,0,2.084,0.000,,,,1.00E+12,Err:502,,,
X,CHCl3,1,1,0,0,0,0,3,0,0,0,5,0,0,0,0,0,0,0,0,Trichloromethane,118,NO,Ulbricht+2006,1E-10 mbar,HOPG,HOPG,carbon,Mono,,CHCl3,Pure,20 (?),no,0.75 K/s,0.75,,QMS,151,,0,n.a.,9E17,+/-E1,s-1,54+/-3 kJ/mol,6495,361,0.560,0.031,dTheta/dt = -nu*theta^n*exp(-Ea/kb*T),Also data for SWCNT available,,1.00E+12,4424,,,
X,C23H48,23,48,0,0,0,0,0,0,0,0,71,0,0,0,0,0,0,0,0,Tricosane,324,,"Paserba+2001a,b, Gellman+2020",UHV,Graphite,Graphite,carbon,Mono,,C23H48,Pure,<120,no,2.0 K/s,2,130 - 850,QMS,0,,1,n.a.,1E19.6,+/-E0.5,s-1,172.424923979134,20738,0,1.787,0.000,,,,1.00E+12,Err:502,,,
X,C13H28,13,28,0,0,0,0,0,0,0,0,41,0,0,0,0,0,0,0,0,Tridecane,184,,"Paserba+2001a,b, Gellman+2010",UHV,Graphite,Graphite,carbon,Mono,,C13H28,Pure,<120,no,2.0 K/s,2,130 - 850,QMS,0,,1,n.a.,1E19.6,+/-E0.5,s-1,122.433153569488,14726,0,1.269,0.000,,,,1.00E+12,Err:502,,,
X,C53H108,53,108,0,0,0,0,0,0,0,0,161,0,0,0,0,0,0,0,0,Tripentacontane,744,,"Paserba+2001a,b, Gellman+2052",UHV,Graphite,Graphite,carbon,Mono,,C53H108,Pure,<120,no,2.0 K/s,2,130 - 850,QMS,0,,1,n.a.,1E19.6,+/-E0.5,s-1,276.764615349782,33288,0,2.869,0.000,,,,1.00E+12,Err:502,,Err:502,
X,C43H88,43,88,0,0,0,0,0,0,0,0,131,0,0,0,0,0,0,0,0,Tritetracontane,604,,"Paserba+2001a,b, Gellman+2042",UHV,Graphite,Graphite,carbon,Mono,,C43H88,Pure,<120,no,2.0 K/s,2,130 - 850,QMS,0,,1,n.a.,1E19.6,+/-E0.5,s-1,246.412418020684,29637,0,2.554,0.000,,,,1.00E+12,Err:502,,Err:502,
X,C33H68,33,68,0,0,0,0,0,0,0,0,101,0,0,0,0,0,0,0,0,Tritriacontane,464,,"Paserba+2001a,b, Gellman+2032",UHV,Graphite,Graphite,carbon,Mono,,C33H68,Pure,<120,no,2.0 K/s,2,130 - 850,QMS,0,,1,n.a.,1E19.6,+/-E0.5,s-1,212.271631154597,25531,0,2.200,0.000,,,,1.00E+12,Err:502,,Err:502,
X,C11H24,11,24,0,0,0,0,0,0,0,0,35,0,0,0,0,0,0,0,0,Undecane,156,,"Paserba+2001a,b, Gellman+2008",UHV,Graphite,Graphite,carbon,Mono,,C11H24,Pure,<120,no,2.0 K/s,2,130 - 850,QMS,0,,1,n.a.,1E19.6,+/-E0.5,s-1,110.298241194927,13266,0,1.143,0.000,,,,1.00E+12,Err:502,,Err:502,
X,H2O,0,2,0,1,0,0,0,0,0,0,3,1,0,0,0,0,0,0,0,Water,18,,Smith+2014a,<1E-10 torr,Forsterite (Mg2SiO4(011)),Forsterite (Mg$_{2}$SiO$_{4}$(011)),si,Mono,1,H2O,Pure,50,no,1 K/s,1,n.a.,QMS,0,,1,n.a.,2.30E+15,+/-E2,s-1,50 kJ/mol,6014,,0.518,,,,,1.00E+12,Err:502,,Err:502,
X,CH3CHO,2,4,0,1,0,0,0,0,0,0,7,0,1,0,0,0,0,0,0,Acetaldehyde,44,YES,Oberg+2009,~E-10 mbar,,,,Multi,,CH3CHO,Pure,20,no,1 K/min,0.01667,20 - 200,QMS,107,,0,n.a.,1.45510743388755E+020,n.a.,n.a.,3800 [400] K,3800,400,0.327,0.034,v × Nsites × exp(-Edes/T)- v = sqrt(2kB*Nsites*Edes*pi^-2*m^-1),,,1.00E+12,3505,,1.16E+12,
X,CH3COOH,2,4,0,2,0,0,0,0,0,0,8,0,0,1,0,0,0,0,0,Acetic acid,60,,Burke+2015a,2E-10 mbar,HOPG,HOPG,carbon,Multi,,CH3COOH,Pure,23,no,0.5 K/s,0.5,n.a.,QMS,155,152 - 166,0,n.a.,8E+032,n.a.,cm-2 s-1,55.0 kj/mol,6215,0,0.536,0.000,polyani-wigner,,,1.00E+12,4608,,1.14E+12,
X,CH3CN,2,3,1,0,0,0,0,0,0,0,6,0,0,0,0,0,0,1,0,Acetonitrile,41,,Tylinksi+2020,<1E-10 torr,Pt(111),Graphene,carbon,Multi,,CH3CN,Pure,20,no,1 K/s,1,,QMS,137,135 - 140,0,n.a.,1E31,+/-E1,cm-2 s-1,44+/-3 kJ/mol,5100,361,0.439,0.031,,,,1.00E+12,3961,,,
X,C2H2,2,2,0,0,0,0,0,0,0,0,4,0,0,0,0,0,0,0,0,Acetylene,26,,Behmard+2019,<5E-10 torr,CsI,CsI,other,Multi,,C2H2,Pure,11,no,2 K/min,0.03333,,QMS,74,n.a.,0,n.a.,3E16,+17/-2.5,,2800+200/-300,2800,300,0.241,0.026,#NAME?,Fitted with a  range of binding energies,,1.00E+12,2346,,1.23E+12,
X,CH2CHCN,3,3,1,0,0,0,0,0,0,0,7,0,0,0,0,0,0,1,0,Acrylonitrile,53,,Toumi+2016,~E-7 mbar,Au,Au ,metal,Multi,,C2H3CN,Pure,80,no,1.4 K/min,0.02333,20 - 300,QMS,147,,0,?,1E+028,n.a.,cm-2 s-1,35.23+/-0.42 kJ/mol,4215,51,0.363,0.004,,,,1.00E+12,4813,,1.24E+12,
X,CH2CHCH2OH,3,6,0,1,0,0,0,0,0,0,10,1,0,0,0,0,0,0,0,Allyl alcohol,58,,Dostert+2016,1E-10 mbar,Pd(111),Pd(111),metal,Multi,,CH3CH2CHO,Pure,~100,no,n.a.,0,n.a.,QMS,175,n.a.,1,n.a.,0,,,44 kJ/mol,5292,0,0.456,0,redhead analysis,Assume A = 1E12 s-1?,,1.00E+12,#DIV/0!,,#DIV/0!,
X,NH3,0,3,1,0,0,0,0,0,0,0,4,0,0,0,0,0,0,0,0,Ammonia,17,,Ulbricht+2006,1E-10 mbar,HOPG,HOPG,carbon,Multi,,NH3,Pure,20 (?),no,1 K/s,1,,QMS,95,,0,n.a.,5E13,+/-E1,s-1,25+/-2 kJ/mol,3029,241,0.261,0.021,dTheta/dt = -nu*theta^n*exp(-Ea/kb*T),Also data for SWCNT available,,1.00E+12,2712,,1.64E+12,
X,C6H6,6,6,0,0,0,0,0,0,0,0,12,0,0,0,0,0,0,0,0,Benzene ,78,YES,Salter+2018,<2E-10 mbar,HOPG,HOPG,carbon,Multi,,C6H6,Pure,25,no,0.5 K / s,0.5,,QMS,136,,0.18,+/-0.06,2.6E29,+/-E2,,45.5+/-1.8KJ/mol,5218,217,0.450,0.019,,,,1.00E+12,4025,,9.32E+11,
X,CO2,1,0,0,2,0,0,0,0,0,0,3,0,0,0,0,0,0,0,0,Carbon dioxide,44,,Suhasaria+2017,5E-10 mbar,Forsterite (Mg2SiO4),Forsterite (Mg$_{2}$SiO$_{4}$),si,Multi,,CO2,Pure,17,no,0.1 K/s,0.1,,QMS,0,,0,n.a.,1.30E+28,n.a.,cm-2 s-1,21.4+/-0.2 kJ/mol,2574,24,0.222,0.002,,,,1.00E+12,Err:502,,Err:502,
X,CO,1,0,0,1,0,0,0,0,0,0,2,0,0,0,0,0,0,0,0,Carbon monoxide,28,,Smith+2016,<1E-10 torr,Pt(111),Graphene,carbon,Multi,2,CO,Pure,25,no,1 K/s,1,,QMS,,,0,n.a.,6.93E+29,+/-2,cm-2 s-1,8.7 kJ/mol,902,52,0.078,0.004,,,,,,,0.00E+00,
X,HC3N,3,1,1,0,0,0,0,0,0,0,5,0,0,0,0,0,0,1,0,Cyanoacetylene,51,YES,Borget+2001,1E-7 mbar,CsBr,ASW,water,Multi,,HC3N,Pure,15,no,0.3 - 0.8 K/min,0.00833,?,FTIR,135,120 - 140,1,n.a.,3E12,n.a.,s-1,39+/-8 kJ/mol,4691,962,0.404,0.083,,,,1.00E+12,4547,,,
X,C6H4Cl2,6,4,0,0,0,0,2,0,0,0,12,0,0,0,0,0,0,0,0,Dichlorobenzene,146,,Ulbricht+2006,1E-10 mbar,HOPG,HOPG,carbon,Multi,,C6H4Cl2,Pure,20 (?),no,0.75 K/s,0.75,,QMS,174,,0.5,n.a.,9E15,E+/-2,s-1,56+/-5 kJ/mol,6735,601,0.580,0.052,dTheta/dt = -nu*theta^n*exp(-Ea/kb*T),Also data for SWCNT available,,1.00E+12,5122,,7.69E+11,
X,CH3OCH3,2,6,0,1,0,0,0,0,0,0,9,0,0,0,0,1,0,0,0,Dimethylether,46,YES,Oberg+2009,~E-10,Au (polycrystaline),Au (polycrystaline),metal,Multi,,CH3OCH3,Pure,20,no,1 K/min,0.01667,20 - 200,QMS,88,,0,n.a.,1.2087048020622E+020,n.a.,n.a.,3300[400],3300,400,0.284,0.034,v × Nsites × exp(-Edes/T)- v = sqrt(2kB*Nsites*Edes*pi^-2*m^-1),,,1.00E+12,2866,,1.02E+12,
X,O2,0,0,0,2,0,0,0,0,0,0,2,0,0,0,0,0,0,0,0,Dioxygen,32,,Smith+2016,<1E-10 torr,Pt(111),Graphene,carbon,Multi,2,O2,Pure,25,no,1 K/s,1,,QMS,,,0,n.a.,7.92E+29,+/-2,cm-2 s-1,9.3 kJ/mol,982,56,0.085,0.005,,,,,,,0.00E+00,
X,C2H6,2,6,0,0,0,0,0,0,0,0,8,0,0,0,0,0,0,0,0,Ethane,30,,Smith+2016,<1E-10 torr,Pt(111),Graphene,carbon,Multi,3,C2H6,Pure,25,no,1 K/s,1,,QMS,,,0,n.a.,1.32E+031,+/-2,cm-2 s-1,20.9 kJ/mol,2486,126,0.214,0.011,,,,,,,0.00E+00,
X,CH3CH2OH,2,6,0,1,0,0,0,0,0,0,9,1,0,0,0,0,0,0,0,Ethanol,46,,Ulbricht+2006,1E-10 mbar,HOPG,HOPG,carbon,Multi,,CH3CH2OH,Pure,20 (?),no,1.0 K/s,1,,QMS,152,n.a.,0,n.a.,2E15,+/-E2,,46+/-3 kJ/mol,5367,361,0.462,0.031,dTheta/dt = -nu*theta^n*exp(-Ea/kb*T),Also data for SWCNT available,,1.00E+12,4410,,,
X,CH3CH2OCHO,3,6,0,2,0,0,0,0,0,0,11,0,0,0,1,0,0,0,0,Ethyl formate,74,,Salter+2019,<2E-10 mbar,HOPG,HOPG,carbon,Multi,,CH3CH2OCHO,Pure,100,no,0.5 K / s,0.5,n.a.,QMS,130,128 - 131,0.09,+/-0.03,3.5E32,+/-E0.2,cm-2 s-1,46.5+/-0.7 KJ/mol,5479,84,0.472,0.007,,Different Tdes for different exposures,,1.00E+12,3842,,9.35E+11,
X,CH3CH2C6H5,8,10,0,0,0,0,0,0,0,0,18,0,0,0,0,0,0,0,0,Ethylbenzene,106,,Ulbricht+2006,1E-10 mbar,HOPG,HOPG,carbon,Multi,,CH3CH2C6H5,Pure,20 (?),no,1.0 K/s,1,,QMS,170,,0.5,n.a.,5E19,E+/-3,s-1,65+/-10 kJ/mol,7818,1203,0.674,0.104,dTheta/dt = -nu*theta^n*exp(-Ea/kb*T),Also data for SWCNT available,,1.00E+12,4952,,8.87E+11,
X,C2H4,2,4,0,0,0,0,0,0,0,0,6,0,0,0,0,0,0,0,0,Ethylene,28,,Behmard+2019,<5E-10 torr,CsI,CsI,metal,Multi,,C2H4,Pure,11,no,2 K/min,0.0333,,QMS,61,,0,n.a.,4E15,+36/-3.5 ,s-1,2200+200/-100,2200,,,,#NAME?,Fitted with a  range of binding energies,,1.00E+12,1922,,1.08E+12,
X,(CH2OH)2,2,6,0,2,0,0,0,0,0,0,10,2,0,0,0,0,0,0,0,Ethylene glycol,62,,Oberg+2009,~E-10 mbar,Au (polycrystaline),Au (polycrystaline),metal,Multi,,(CH2OH)2,Pure,20,no,1 K/min,0.01667,20 - 200,QMS,185,185 - 193,0,n.a.,2.03813859585268E+020,n.a.,n.a.,7500 [800],7500,800,0.646,0.069,v × Nsites × exp(-Edes/T)- v = sqrt(2kB*Nsites*Edes*pi^-2*m^-1),,,1.00E+12,6162,,,
X,c-C2H4O,2,4,0,1,0,0,0,0,0,0,7,0,0,0,0,1,0,0,0,Ethylene oxide,44,YES,Schriver+2004,1E-7 mbar,Au,Au,metal,Multi,,c-C2H4O,Pure,113 - 119,no,?,0.0166666666666667,10 - 170,FTIR,125,100 - 130,1,?,1.00E+12,?,s-1,20+/- 2 KJ/mol,2405,241,0.207,0.021,k = Aexp(-dH/RT),Isothermal desorption study with FTIR. peak Tdes estimated. A and n not given,Lien+2008 Lab high T on TiO2?? Ward+2011 Lab does not show data,1.00E+12,4114,,1.26E+12,
X,CH3CHCl2,2,4,0,0,0,0,2,0,0,0,8,0,0,0,0,0,0,0,0,Ethylidene chloride,98,,Ulbricht+2006,1E-10 mbar,HOPG,HOPG,carbon,Multi,,CH3CHCl2,Pure,20 (?),no,1.25 K/s,1.25,,QMS,141,,0,n.a.,1E16,E+/-2,s-1,44+/-3 kJ/mol,5292,361,0.456,0.031,dTheta/dt = -nu*theta^n*exp(-Ea/kb*T),Also data for SWCNT available,,1.00E+12,4049,,,
X,H2CO,1,2,0,1,0,0,0,0,0,0,4,0,1,0,0,0,0,0,0,Formaldehyde,30,,Noble+2012,1e-9 mbar,Au,Au,metal,Multi,,H2CO,Pure,15,no,4 K/min,0.06667,,QMS,112,n.a.,0,n.a.,1E28,n.a.,cm-2 s-1,31.3+/-0.5 kJ mol-,3765,60,0.324,0.005,,,,1.00E+12,3519,,1.41E+12,
X,NH2CHO,1,3,1,1,0,0,0,0,0,0,6,0,0,0,0,0,0,0,1,Formamide,45,YES,Chaabouni+2018,~E-10 mbar,HOPG,HOPG,carbon,Multi,,NH2CHO,Pure,40,no,0.2 K/s,0.2,40 - 240,QMS,176,,1,n.a.,1E+018,n.a.,s-1,7460 - 9380 K,7770,,,,,,,1.00E+12,5416,,1.42E+12,
X,NH2CHO,1,3,1,1,0,0,0,0,0,0,6,0,0,0,0,0,0,0,1,Formamide,45,YES,Chaabouni+2018,~E-10 mbar,HOPG,HOPG,carbon,Multi,,NH2CHO,Pure,40,no,0.2 K/s,0.2,40 - 240,QMS,176,,1,n.a.,1E+018,n.a.,s-1,7460 - 9380 K,7770,,,,,,,1.00E+12,5416,,1.42E+12,
X,HCOOH,1,2,0,2,0,0,0,0,0,0,5,0,0,1,0,0,0,0,0,Formic acid,46,,Oberg+2009,~E-10 mbar,Au,Au,metal,Multi,,HCOOH,Pure,20,no,1 K/min,0.01667,20 - 200,QMS,137,137 - 150,0,n.a.,1.75811607572684E+020,n.a.,cm-2 s-1,5000 [500] K,4800,500,0.414,0.043,v × Nsites × exp(-Edes/T)- v = sqrt(2kB*Nsites*Edes*pi^-2*m^-1)- v = sqrt(2kB*Nsites*Edes*pi^-2*m^-1),,,1.00E+12,4522,,1.29E+12,
X,HOCH2CHO,2,4,0,2,0,0,0,0,0,0,8,1,1,0,0,0,0,0,0,Glycolaldehyde,60,,Burke+2015a,2E-10 mbar,HOPG,HOPG,carbon,Multi,,HOCH2CHO,Pure,23,no,0.5 K/s,0.5,n.a.,QMS,148,140 - 155,0,n.a.,2E+033,n.a.,cm-2 s-1,46.8 kj/mol,5764,0,0.497,n.a.,polyani-wigner,,,1.00E+12,4393,,1.11E+12,
X,HOCH2CN,2,3,1,1,0,0,0,0,0,0,7,1,0,0,0,0,0,1,0,Glycolonitrile,57,,Danger+2012,E-9 mbar,Au,Au,metal,Multi,,HOCH2CN,Pure,40,NO,5 K/min,0.0833,40 - 300,QMS,226,,0,?,3000000000000,n.a.,s-1,58 kj/mol,6976,0,0.601,0.000,k = Aexp(-E/RT ),,,1.00E+12,7209,,1.46E+12,
X,HCN,1,1,1,0,0,0,0,0,0,0,3,0,0,0,0,0,0,1,0,Hydrogen cyanide,27,,Noble+2013,~E-9 mbar,Au,Au,metal,Multi,,HCN,Pure,10,no,2 K/min,0.03333,n.a.,QMS,135,n.a.,0,n.a.,1E28,n.a.,cm-2 s-1,30+/-1 kJ/mol,3488,120,0.301,0.010,,,,1.00E+12,4360,,1.65E+12,
X,HNCO,1,1,1,1,0,0,0,0,0,0,4,0,0,0,0,0,0,0,0,Isocyanic acid,43,,Theule+2011b,1E-8 mbar,Copper,Copper,metal,Multi,,HNCO,Pure,10,no,?,0.0166666666666667,,FTIR + QMS,130,,1,n.a.,2.90E+12,n.a.,s-1,37+/-3 kJ/mol,4450,,,,,A determined with equation from Hasegawa+1992,,1.00E+12,4284,,1.30E+12,
X,CH4,1,4,0,0,0,0,0,0,0,0,5,0,0,0,0,0,0,0,0,Methane,16,,Ulbricht+2006,1E-10 mbar,HOPG,HOPG,carbon,Multi,,CH4,Pure,20 (?),no,1.0 K/s,1,,QMS,36,,0,n.a.,4E15,+/-E1,cm-2 s-1,11+/-1 kJ/mol,1333,120,0.115,0.010,dTheta/dt = -nu*theta^n*exp(-Ea/kb*T),Also data for SWCNT available,,1.00E+12,993,,,
X,CH3SH,1,4,0,0,0,1,0,0,0,0,6,0,0,0,0,0,0,0,0,Methanethiol,48,,Wiegenstein+1997,~1E-9 torr,MoS2(0001),MoS$_{2}$(0001),metal,Multi,,CH3SH,Pure,100,no,2 K/s,2,100 - 1000,QMS,125,n.a.,1,n.a.,10000000000000,n.a.,s-1,7.6 kcal/mol,3825,0,0.330,0.000,,,,1.00E+12,3516,,,
X,CH3OH,1,4,0,1,0,0,0,0,0,0,6,1,0,0,0,0,0,0,0,Methanol,32,,Ulbricht+2006,1E-10 mbar,HOPG,HOPG,carbon,Multi,,CH3OH,Pure,20 (?),no,1.0 K/s,1,,QMS,141,,0,n.a.,3E16,+/-E2,s-1,46+/-3 kJ/mol,5116,361,0.441,0.031,dTheta/dt = -nu*theta^n*exp(-Ea/kb*T),Also data for SWCNT available,,1.00E+12,4081,,,
X,CH3OCHO,2,4,0,2,0,0,0,0,0,0,8,0,0,0,1,0,0,0,0,Methyl formate,60,,Burke+2015a,2E-10 mbar,HOPG,HOPG,carbon,Multi,,CH3OCHO,Pure,23,no,0.5 K/s,0.5,n.a.,QMS,108,109 - 116,0,n.a.,8E+033,n.a.,cm-2 s-1,35.0 kJ/mol,4105,0,0.354,0.000,polyani-wigner,,,1.00E+12,3172,,,
X,CH3CCH,3,4,0,0,0,0,0,0,0,0,7,0,0,0,0,0,0,0,0,Methylacetylene,40,,Behmard+2019,<5E-10 torr,CsI,CsI,other,Multi,,C3H4,Pure,,,2 K/min,0.03333,,QMS,95,n.a.,0,n.a.,1E19,+4/-0.8,s-1,4200 +300/-200,4200,300,,,#NAME?,Fitted with a  range of binding energies,,1.00E+12,3035,,,
,CH3NH2,1,5,1,0,0,0,0,0,0,0,7,0,0,0,0,0,1,0,0,Methylamine,31,,Chaabouni+2018,,HOPG,HOPG,carbon,Multi,,CH3NH2,Pure,40,no,0.2 K/s,0.2,,,106,,0,,0,,,3010-3490 K,3200,,0.276,,,,,1.00E+12,3208,,,
X,CH3NC,2,3,1,0,0,0,0,0,0,0,6,0,0,0,0,0,0,1,0,methylisocyanide,41,,Bertin+2017,1E-10 Torr,Au,Au,metal,Multi,,CH3NC crystaline,Pure,90,no,2 K/min,0.0333,,QMS,137,,0,n.a.,5E+016,+/-E0.5,s-1,420+/-10 meV,4352,116,0.375,0.010,,,,1.00E+12,4427,,1.35E+12,
X,(CH3)2NCHO,3,7,1,1,0,0,0,0,0,0,12,0,0,0,0,0,0,0,1,"N,N-Dimethylformamide",73,,Ulbricht+2006,1E-10 mbar,HOPG,HOPG,carbon,Multi,,(CH3)2NCHO,Pure,20 (?),no,1.0 K/s,1,,QMS,163,,0,n.a.,1E14,E+/-3,s-1,46+/-4 kJ/mol,5533,481,0.477,0.041,dTheta/dt = -nu*theta^n*exp(-Ea/kb*T),Also data for SWCNT available,,1.00E+12,4741,,1.05E+12,
X,C10H8,10,8,0,0,0,0,0,0,0,0,18,0,0,0,0,0,0,0,0,Naphthalene,128,,Ulbricht+2006,1E-10 mbar,HOPG,HOPG,carbon,Multi,,C10H8,Pure,20 (?),no,1.0 K/s,1,,QMS,200,,1,n.a.,6E16,E+/-2,s-1,66+/-8 kJ/mol,7938,962,0.684,0.083,dTheta/dt = -nu*theta^n*exp(-Ea/kb*T),Also data for SWCNT available,,1.00E+12,5858,,8.78E+11,
X,NO2,0,0,1,2,0,0,0,0,0,0,3,0,0,0,0,0,0,0,0,Nitrogen dioxide,46,,Ulbricht+2006,1E-10 mbar,HOPG,HOPG,carbon,Multi,,NO2,Pure,20 (?),no,0.5 K/s,0.5,,QMS,130,n.a.,1,n.a.,6E16,E+/-2,s-1,33+/-5 kJ/mol,3969,601,0.342,0.052,dTheta/dt = -nu*theta^n*exp(-Ea/kb*T),Also data for SWCNT available,,1.00E+12,3842,,1.19E+12,
X,(CH3)2C6H4,8,10,0,0,0,0,0,0,0,0,18,0,0,0,0,0,0,0,0,o-Xylene,106,,Salter+2018,<2E-10 mbar,HOPG,HOPG,carbon,Multi,,(CH3)2C6H4,,,,,0,,,158,156 - 161,0.27,+/-0.05,1.1E29,+/-E0.7,,56.8+/-3.6,6964,,,,,,,1.00E+12,#DIV/0!,,#DIV/0!,
X,(CH3)2C6H4,8,10,0,0,0,0,0,0,0,0,18,0,0,0,0,0,0,0,0,p-Xylene,106,,Salter+2018,<2E-10 mbar,HOPG,HOPG,carbon,Multi,,(CH3)2C6H4,,,,,0,,,158,156 - 160,0.14,+/-0.04,3.6E31,+/-E0.4,,59.5+/-1.7,7096,,,,,,,1.00E+12,#DIV/0!,,#DIV/0!,
X,C3H8,3,8,0,0,0,0,0,0,0,0,11,0,0,0,0,0,0,0,0,Propane,44,,Smith+2016,<1E-10 torr,Pt(111),Graphene,carbon,Multi,1,C3H8,Pure,25,no,1 K/s,1,,QMS,,,0,n.a.,6.6E+032,+/-2,cm-2 s-1,28.5 kj/mol,3393,171,0.292,0.015,,,,,,,,
X,CH2CHCH3,3,6,0,0,0,0,0,0,0,0,9,0,0,0,0,0,0,0,0,Propene,42,YES,Behmard+2019,<5E-10 torr,CsI,CsI,other,Multi,,C3H6,Pure,11,no,2 K/min,0.03333,,QMS,82,,0,n.a.,6E18,+34/-5.1,s-1,3500 +300/-300,3500,300,0.302,0.026,#NAME?,Fitted with a  range of binding energies,,1.00E+12,2608,,1.02E+12,
X,CH3CH2CHO,3,6,0,1,0,0,0,0,0,0,10,0,1,0,0,0,0,0,0,Propionaldehyde,58,,Dostert+2016,1E-10 mbar,Pd(111),Pd(111),metal,Multi,,CH3CH2CHO,Pure,~100,no,,0,,QMS,145,n.a.,1,n.a.,0,,,36 kJ/mol,4330,,0.373,,redhead analysis,Assume A = 1E12 s-1?,,1.00E+12,#DIV/0!,,#DIV/0!,
X,CH3CH2CN,3,5,1,0,0,0,0,0,0,0,9,0,0,0,0,0,0,1,0,Propanenitrile,55,YES,Couturier-Tamburelli+2018,1E-7 mbar,Au,Au,metal,Multi,,CH3CH2CN,Pure,20,no,3.5 K/min,0.0583333333333333,20 - 300,QMS,150,n.a.,0,n.a.,1.00E+28,n.a.,cm-2 s-1,37.80+/-0.7 kJ/mol,4546,84,0.392,0.007,,,,1.00E+12,4776,,1.21E+12,
X,CH3C6H5,7,8,0,0,0,0,0,0,0,0,15,0,0,0,0,0,0,0,0,Toluene,92,,Ulbricht+2006,1E-10 mbar,HOPG,HOPG,carbon,Multi,,CH3C6H5,Pure,20,no,1.0 K/s,1,,QMS,144,n.a.,1,n.a.,1E19,+/-E2,s-1,54+/-6 kJ/mol,6074,722,0.523,0.062,dTheta/dt = -nu*theta^n*exp(-Ea/kb*T),Also data for SWCNT available,,1.00E+12,4170,,,
X,CHCl3,1,1,0,0,0,0,3,0,0,0,5,0,0,0,0,0,0,0,0,Trichloromethane,118,NO,Ulbricht+2006,1E-10 mbar,HOPG,HOPG,carbon,Multi,,CHCl3,Pure,20 (?),no,0.75 K/s,0.75,,QMS,133,,0,n.a.,9E17,+/-E1,s-1,47+/-3 kJ/mol,5650,361,0.487,0.031,dTheta/dt = -nu*theta^n*exp(-Ea/kb*T),Also data for SWCNT available,,1.00E+12,3879,,,
X,H2O,0,2,0,1,0,0,0,0,0,0,3,1,0,0,0,0,0,0,0,Water,18,,Speedy+1996,<1E-10 torr,Ru(001),Ru(001),metal,Multi ,,H2O crystaline,Pure,85,no,0.6 K/s,0.6,,QMS,0,,0,n.a.,4.2E30,+/-0.8,cm-2 s-1,48.25+/-1.0 kJ/mol,5803,120,0.500,0.010,,,,1.00E+12,Err:502,,,
,,,,,,,,,,,,,,,,,,,,,,,,,,,,,,,,,,,,,,,,,,,,,,,,,,,,,,,,,,
,,,,,,,,,,,,,,,,,,,,,,,,,,,,,,,,,,,,,,,,,,,,,,,,,,,,,,,,,#DIV/0!,
,,,,,,,,,,,,,,,,,,,,,,,,,,,,,,,,,,,,,,,,,,,,,,,,,,,,,,,,,#DIV/0!,
,,,,,,,,,,,,,,,,,,,,,,,,,,,,,,,,,,,,,,,,,,,,,,,,,,,,,,,,,#DIV/0!,
,,,,,,,,,,,,,,,,,,,,,,,,,,,,,,,,,,,,,,,,,,,,,,,,,,,,,,,,,#DIV/0!,
,,,,,,,,,,,,,,,,,,,,,,,,,,,,,,,,,,,,,,,,,,,,,,,,,,,,,,,,,#DIV/0!,
,,,,,,,,,,,,,,,,,,,,,,,,,,,,,,,,,,,,,,,,,,,,,,,,,,,,,,,,,#DIV/0!,
,,,,,,,,,,,,,,,,,,,,,,,,,,,,,,,,,,,,,,,,,,,,,,,,,,,,,,,,,#DIV/0!,
,,,,,,,,,,,,,,,,,,,,,,,,,,,,,,,,,,,,,,,,,,,,,,,,,,,,,,,,,#DIV/0!,
,,,,,,,,,,,,,,,,,,,,,,,,,,,,,,,,,,,,,,,,,,,,,,,,,,,,,,1.00E+12,#DIV/0!,,#DIV/0!,
,,,,,,,,,,,,,,,,,,,,,,,,,,,,,,,,,,,,,,,,,,,,,,,,,,,,,,1.00E+12,#DIV/0!,,#DIV/0!,
,,,,,,,,,,,,,,,,,,,,,,,,,,,,,,,,,,,,,,,,,,,,,,,,,,,,,,,,,#DIV/0!,
,,,,,,,,,,,,,,,,,,,,,,,,,,,,,,,,,,,,,,,,,,,,,,,,,,,,,,,,,,
,,,,,,,,,,,,,,,,,,,,,,,,,,,,,,,,,,,,,,,,,,,,,,,,,,,,,,,,,,
,,,,,,,,,,,,,,,,,,,,,,,,,,,,,,,,,,,,,,,,,,,,,,,,,,,,,,,,,,
,,,,,,,,,,,,,,,,,,,,,,,,,,,,,,,,,,,,,,,,,,,,,,,,,,,,,,,,,,
,,,,,,,,,,,,,,,,,,,,,,,,,,,,,,,,,,,,,,,,,,,,,,,,,,,,,,,,,,
,,,,,,,,,,,,,,,,,,,,,,,,,,,,,,,,,,,,,,,,,,,,,,,,,,,,,,,,,,
,,,,,,,,,,,,,,,,,,,,,,,,,,,,,,,,,,,,,,,,,,,,,,,,,,,,,,,,,,
,,,,,,,,,,,,,,,,,,,,,,,,,,,,,,,,,,,,,,,,,,,,,,,,,,,,,,,,,,
,,,,,,,,,,,,,,,,,,,,,,,,,,,,,,,,,,,,,,,,,,,,,,,,,,,,,,,,,,
,,,,,,,,,,,,,,,,,,,,,,,,,,,,,,,,,,,,,,,,,,,,,,,,,,,,,,,,,,
,,,,,,,,,,,,,,,,,,,,,,,,,,,,,,,,,,,,,,,,,,,,,,,,,,,,,,,,,,
,,,,,,,,,,,,,,,,,,,,,,,,,,,,,,,,,,,,,,,,,,,,,,,,,,,,,,,,,,
,,,,,,,,,,,,,,,,,,,,,,,,,,,,,,,,,,,,,,,,,,,,,,,,,,,,,,,,,,
,,,,,,,,,,,,,,,,,,,,,,,,,,,,,,,,,,,,,,,,,,,,,,,,,,,,,,,,,,
,,,,,,,,,,,,,,,,,,,,,,,,,,,,,,,,,,,,,,,,,,,,,,,,,,,,,,,,,,
,,,,,,,,,,,,,,,,,,,,,,,,,,,,,,,,,,,,,,,,,,,,,,,,,,,,,,,,,,
,,,,,,,,,,,,,,,,,,,,,,,,,,,,,,,,,,,,,,,,,,,,,,,,,,,,,,,,,,
,,,,,,,,,,,,,,,,,,,,,,,,,,,,,,,,,,,,,,,,,,,,,,,,,,,,,,,,,,
,,,,,,,,,,,,,,,,,,,,,,,,,,,,,,,,,,,,,,,,,,,,,,,,,,,,,,,,,,
,,,,,,,,,,,,,,,,,,,,,,,,,,,,,,,,,,,,,,,,,,,,,,,,,,,,,,,,,,
,,,,,,,,,,,,,,,,,,,,,,,,,,,,,,,,,,,,,,,,,,,,,,,,,,,,,,,,,,
,,,,,,,,,,,,,,,,,,,,,,,,,,,,,,,,,,,,,,,,,,,,,,,,,,,,,,,,,,
,,,,,,,,,,,,,,,,,,,,,,,,,,,,,,,,,,,,,,,,,,,,,,,,,,,,,,,,,,
,,,,,,,,,,,,,,,,,,,,,,,,,,,,,,,,,,,,,,,,,,,,,,,,,,,,,,,,,,
,,,,,,,,,,,,,,,,,,,,,,,,,,,,,,,,,,,,,,,,,,,,,,,,,,,,,,,,,,
,,,,,,,,,,,,,,,,,,,,,,,,,,,,,,,,,,,,,,,,,,,,,,,,,,,,,,,,,,
,,,,,,,,,,,,,,,,,,,,,,,,,,,,,,,,,,,,,,,,,,,,,,,,,,,,,,,,,,
,,,,,,,,,,,,,,,,,,,,,,,,,,,,,,,,,,,,,,,,,,,,,,,,,,,,,,,,,,
,,,,,,,,,,,,,,,,,,,,,,,,,,,,,,,,,,,,,,,,,,,,,,,,,,,,,,,,,,
,,,,,,,,,,,,,,,,,,,,,,,,,,,,,,,,,,,,,,,,,,,,,,,,,,,,,,,,,,
,,,,,,,,,,,,,,,,,,,,,,,,,,,,,,,,,,,,,,,,,,,,,,,,,,,,,,,,,,
,,,,,,,,,,,,,,,,,,,,,,,,,,,,,,,,,,,,,,,,,,,,,,,,,,,,,,,,,,
,,,,,,,,,,,,,,,,,,,,,,,,,,,,,,,,,,,,,,,,,,,,,,,,,,,,,,,,,,
,,,,,,,,,,,,,,,,,,,,,,,,,,,,,,,,,,,,,,,,,,,,,,,,,,,,,,,,,,
,,,,,,,,,,,,,,,,,,,,,,,,,,,,,,,,,,,,,,,,,,,,,,,,,,,,,,,,,,
,,,,,,,,,,,,,,,,,,,,,,,,,,,,,,,,,,,,,,,,,,,,,,,,,,,,,,,,,,
,,,,,,,,,,,,,,,,,,,,,,,,,,,,,,,,,,,,,,,,,,,,,,,,,,,,,,,,,,
,,,,,,,,,,,,,,,,,,,,,,,,,,,,,,,,,,,,,,,,,,,,,,,,,,,,,,,,,,
,,,,,,,,,,,,,,,,,,,,,,,,,,,,,,,,,,,,,,,,,,,,,,,,,,,,,,,,,,
,,,,,,,,,,,,,,,,,,,,,,,,,,,,,,,,,,,,,,,,,,,,,,,,,,,,,,,,,,
,,,,,,,,,,,,,,,,,,,,,,,,,,,,,,,,,,,,,,,,,,,,,,,,,,,,,,,,,,
,,,,,,,,,,,,,,,,,,,,,,,,,,,,,,,,,,,,,,,,,,,,,,,,,,,,,,,,,,
,,,,,,,,,,,,,,,,,,,,,,,,,,,,,,,,,,,,,,,,,,,,,,,,,,,,,,,,,,
,,,,,,,,,,,,,,,,,,,,,,,,,,,,,,,,,,,,,,,,,,,,,,,,,,,,,,,,,,
,,,,,,,,,,,,,,,,,,,,,,,,,,,,,,,,,,,,,,,,,,,,,,,,,,,,,,,,,,
,,,,,,,,,,,,,,,,,,,,,,,,,,,,,,,,,,,,,,,,,,,,,,,,,,,,,,,,,,
,,,,,,,,,,,,,,,,,,,,,,,,,,,,,,,,,,,,,,,,,,,,,,,,,,,,,,,,,,
,,,,,,,,,,,,,,,,,,,,,,,,,,,,,,,,,,,,,,,,,,,,,,,,,,,,,,,,,,
,,,,,,,,,,,,,,,,,,,,,,,,,,,,,,,,,,,,,,,,,,,,,,,,,,,,,,,,,,
,,,,,,,,,,,,,,,,,,,,,,,,,,,,,,,,,,,,,,,,,,,,,,,,,,,,,,,,,,
,,,,,,,,,,,,,,,,,,,,,,,,,,,,,,,,,,,,,,,,,,,,,,,,,,,,,,,,,,
,,,,,,,,,,,,,,,,,,,,,,,,,,,,,,,,,,,,,,,,,,,,,,,,,,,,,,,,,,
,,,,,,,,,,,,,,,,,,,,,,,,,,,,,,,,,,,,,,,,,,,,,,,,,,,,,,,,,,
,,,,,,,,,,,,,,,,,,,,,,,,,,,,,,,,,,,,,,,,,,,,,,,,,,,,,,,,,,
,,,,,,,,,,,,,,,,,,,,,,,,,,,,,,,,,,,,,,,,,,,,,,,,,,,,,,,,,,
,,,,,,,,,,,,,,,,,,,,,,,,,,,,,,,,,,,,,,,,,,,,,,,,,,,,,,,,,,
,,,,,,,,,,,,,,,,,,,,,,,,,,,,,,,,,,,,,,,,,,,,,,,,,,,,,,,,,,
,,,,,,,,,,,,,,,,,,,,,,,,,,,,,,,,,,,,,,,,,,,,,,,,,,,,,,,,,,
,,,,,,,,,,,,,,,,,,,,,,,,,,,,,,,,,,,,,,,,,,,,,,,,,,,,,,,,,,
,,,,,,,,,,,,,,,,,,,,,,,,,,,,,,,,,,,,,,,,,,,,,,,,,,,,,,,,,,
,,,,,,,,,,,,,,,,,,,,,,,,,,,,,,,,,,,,,,,,,,,,,,,,,,,,,,,,,,
,,,,,,,,,,,,,,,,,,,,,,,,,,,,,,,,,,,,,,,,,,,,,,,,,,,,,,,,,,
,,,,,,,,,,,,,,,,,,,,,,,,,,,,,,,,,,,,,,,,,,,,,,,,,,,,,,,,,,
,,,,,,,,,,,,,,,,,,,,,,,,,,,,,,,,,,,,,,,,,,,,,,,,,,,,,,,,,,
,,,,,,,,,,,,,,,,,,,,,,,,,,,,,,,,,,,,,,,,,,,,,,,,,,,,,,,,,,
,,,,,,,,,,,,,,,,,,,,,,,,,,,,,,,,,,,,,,,,,,,,,,,,,,,,,,,,,,
,,,,,,,,,,,,,,,,,,,,,,,,,,,,,,,,,,,,,,,,,,,,,,,,,,,,,,,,,,
,,,,,,,,,,,,,,,,,,,,,,,,,,,,,,,,,,,,,,,,,,,,,,,,,,,,,,,,,,
,,,,,,,,,,,,,,,,,,,,,,,,,,,,,,,,,,,,,,,,,,,,,,,,,,,,,,,,,,
,,,,,,,,,,,,,,,,,,,,,,,,,,,,,,,,,,,,,,,,,,,,,,,,,,,,,,,,,,
,,,,,,,,,,,,,,,,,,,,,,,,,,,,,,,,,,,,,,,,,,,,,,,,,,,,,,,,,,
,,,,,,,,,,,,,,,,,,,,,,,,,,,,,,,,,,,,,,,,,,,,,,,,,,,,,,,,,,
,,,,,,,,,,,,,,,,,,,,,,,,,,,,,,,,,,,,,,,,,,,,,,,,,,,,,,,,,,
,,,,,,,,,,,,,,,,,,,,,,,,,,,,,,,,,,,,,,,,,,,,,,,,,,,,,,,,,,
,,,,,,,,,,,,,,,,,,,,,,,,,,,,,,,,,,,,,,,,,,,,,,,,,,,,,,,,,,
,,,,,,,,,,,,,,,,,,,,,,,,,,,,,,,,,,,,,,,,,,,,,,,,,,,,,,,,,,
,,,,,,,,,,,,,,,,,,,,,,,,,,,,,,,,,,,,,,,,,,,,,,,,,,,,,,,,,,
,,,,,,,,,,,,,,,,,,,,,,,,,,,,,,,,,,,,,,,,,,,,,,,,,,,,,,,,,,
,,,,,,,,,,,,,,,,,,,,,,,,,,,,,,,,,,,,,,,,,,,,,,,,,,,,,,,,,,
,,,,,,,,,,,,,,,,,,,,,,,,,,,,,,,,,,,,,,,,,,,,,,,,,,,,,,,,,,
,,,,,,,,,,,,,,,,,,,,,,,,,,,,,,,,,,,,,,,,,,,,,,,,,,,,,,,,,,
,,,,,,,,,,,,,,,,,,,,,,,,,,,,,,,,,,,,,,,,,,,,,,,,,,,,,,,,,,
,,,,,,,,,,,,,,,,,,,,,,,,,,,,,,,,,,,,,,,,,,,,,,,,,,,,,,,,,,
,,,,,,,,,,,,,,,,,,,,,,,,,,,,,,,,,,,,,,,,,,,,,,,,,,,,,,,,,,
,,,,,,,,,,,,,,,,,,,,,,,,,,,,,,,,,,,,,,,,,,,,,,,,,,,,,,,,,,
,,,,,,,,,,,,,,,,,,,,,,,,,,,,,,,,,,,,,,,,,,,,,,,,,,,,,,,,,,
,,,,,,,,,,,,,,,,,,,,,,,,,,,,,,,,,,,,,,,,,,,,,,,,,,,,,,,,,,
,,,,,,,,,,,,,,,,,,,,,,,,,,,,,,,,,,,,,,,,,,,,,,,,,,,,,,,,,,
,,,,,,,,,,,,,,,,,,,,,,,,,,,,,,,,,,,,,,,,,,,,,,,,,,,,,,,,,,
,,,,,,,,,,,,,,,,,,,,,,,,,,,,,,,,,,,,,,,,,,,,,,,,,,,,,,,,,,
,,,,,,,,,,,,,,,,,,,,,,,,,,,,,,,,,,,,,,,,,,,,,,,,,,,,,,,,,,
,,,,,,,,,,,,,,,,,,,,,,,,,,,,,,,,,,,,,,,,,,,,,,,,,,,,,,,,,,
,,,,,,,,,,,,,,,,,,,,,,,,,,,,,,,,,,,,,,,,,,,,,,,,,,,,,,,,,,
,,,,,,,,,,,,,,,,,,,,,,,,,,,,,,,,,,,,,,,,,,,,,,,,,,,,,,,,,,
,,,,,,,,,,,,,,,,,,,,,,,,,,,,,,,,,,,,,,,,,,,,,,,,,,,,,,,,,,
,,,,,,,,,,,,,,,,,,,,,,,,,,,,,,,,,,,,,,,,,,,,,,,,,,,,,,,,,,
,,,,,,,,,,,,,,,,,,,,,,,,,,,,,,,,,,,,,,,,,,,,,,,,,,,,,,,,,,
,,,,,,,,,,,,,,,,,,,,,,,,,,,,,,,,,,,,,,,,,,,,,,,,,,,,,,,,,,
,,,,,,,,,,,,,,,,,,,,,,,,,,,,,,,,,,,,,,,,,,,,,,,,,,,,,,,,,,
,,,,,,,,,,,,,,,,,,,,,,,,,,,,,,,,,,,,,,,,,,,,,,,,,,,,,,,,,,
,,,,,,,,,,,,,,,,,,,,,,,,,,,,,,,,,,,,,,,,,,,,,,,,,,,,,,,,,,
,,,,,,,,,,,,,,,,,,,,,,,,,,,,,,,,,,,,,,,,,,,,,,,,,,,,,,,,,,
,,,,,,,,,,,,,,,,,,,,,,,,,,,,,,,,,,,,,,,,,,,,,,,,,,,,,,,,,,
,,,,,,,,,,,,,,,,,,,,,,,,,,,,,,,,,,,,,,,,,,,,,,,,,,,,,,,,,,
,,,,,,,,,,,,,,,,,,,,,,,,,,,,,,,,,,,,,,,,,,,,,,,,,,,,,,,,,,
,,,,,,,,,,,,,,,,,,,,,,,,,,,,,,,,,,,,,,,,,,,,,,,,,,,,,,,,,,
,,,,,,,,,,,,,,,,,,,,,,,,,,,,,,,,,,,,,,,,,,,,,,,,,,,,,,,,,,
,,,,,,,,,,,,,,,,,,,,,,,,,,,,,,,,,,,,,,,,,,,,,,,,,,,,,,,,,,
,,,,,,,,,,,,,,,,,,,,,,,,,,,,,,,,,,,,,,,,,,,,,,,,,,,,,,,,,,
,,,,,,,,,,,,,,,,,,,,,,,,,,,,,,,,,,,,,,,,,,,,,,,,,,,,,,,,,,
,,,,,,,,,,,,,,,,,,,,,,,,,,,,,,,,,,,,,,,,,,,,,,,,,,,,,,,,,,
,,,,,,,,,,,,,,,,,,,,,,,,,,,,,,,,,,,,,,,,,,,,,,,,,,,,,,,,,,
,,,,,,,,,,,,,,,,,,,,,,,,,,,,,,,,,,,,,,,,,,,,,,,,,,,,,,,,,,
,,,,,,,,,,,,,,,,,,,,,,,,,,,,,,,,,,,,,,,,,,,,,,,,,,,,,,,,,,
,,,,,,,,,,,,,,,,,,,,,,,,,,,,,,,,,,,,,,,,,,,,,,,,,,,,,,,,,,
,,,,,,,,,,,,,,,,,,,,,,,,,,,,,,,,,,,,,,,,,,,,,,,,,,,,,,,,,,
,,,,,,,,,,,,,,,,,,,,,,,,,,,,,,,,,,,,,,,,,,,,,,,,,,,,,,,,,,
,,,,,,,,,,,,,,,,,,,,,,,,,,,,,,,,,,,,,,,,,,,,,,,,,,,,,,,,,,
,,,,,,,,,,,,,,,,,,,,,,,,,,,,,,,,,,,,,,,,,,,,,,,,,,,,,,,,,,
,,,,,,,,,,,,,,,,,,,,,,,,,,,,,,,,,,,,,,,,,,,,,,,,,,,,,,,,,,
,,,,,,,,,,,,,,,,,,,,,,,,,,,,,,,,,,,,,,,,,,,,,,,,,,,,,,,,,,
,,,,,,,,,,,,,,,,,,,,,,,,,,,,,,,,,,,,,,,,,,,,,,,,,,,,,,,,,,
,,,,,,,,,,,,,,,,,,,,,,,,,,,,,,,,,,,,,,,,,,,,,,,,,,,,,,,,,,
,,,,,,,,,,,,,,,,,,,,,,,,,,,,,,,,,,,,,,,,,,,,,,,,,,,,,,,,,,
,,,,,,,,,,,,,,,,,,,,,,,,,,,,,,,,,,,,,,,,,,,,,,,,,,,,,,,,,,
,,,,,,,,,,,,,,,,,,,,,,,,,,,,,,,,,,,,,,,,,,,,,,,,,,,,,,,,,,
,,,,,,,,,,,,,,,,,,,,,,,,,,,,,,,,,,,,,,,,,,,,,,,,,,,,,,,,,,
,,,,,,,,,,,,,,,,,,,,,,,,,,,,,,,,,,,,,,,,,,,,,,,,,,,,,,,,,,
,,,,,,,,,,,,,,,,,,,,,,,,,,,,,,,,,,,,,,,,,,,,,,,,,,,,,,,,,,
,,,,,,,,,,,,,,,,,,,,,,,,,,,,,,,,,,,,,,,,,,,,,,,,,,,,,,,,,,
,,,,,,,,,,,,,,,,,,,,,,,,,,,,,,,,,,,,,,,,,,,,,,,,,,,,,,,,,,
,,,,,,,,,,,,,,,,,,,,,,,,,,,,,,,,,,,,,,,,,,,,,,,,,,,,,,,,,,
,,,,,,,,,,,,,,,,,,,,,,,,,,,,,,,,,,,,,,,,,,,,,,,,,,,,,,,,,,
,,,,,,,,,,,,,,,,,,,,,,,,,,,,,,,,,,,,,,,,,,,,,,,,,,,,,,,,,,
,,,,,,,,,,,,,,,,,,,,,,,,,,,,,,,,,,,,,,,,,,,,,,,,,,,,,,,,,,
,,,,,,,,,,,,,,,,,,,,,,,,,,,,,,,,,,,,,,,,,,,,,,,,,,,,,,,,,,
,,,,,,,,,,,,,,,,,,,,,,,,,,,,,,,,,,,,,,,,,,,,,,,,,,,,,,,,,,
,,,,,,,,,,,,,,,,,,,,,,,,,,,,,,,,,,,,,,,,,,,,,,,,,,,,,,,,,,
,,,,,,,,,,,,,,,,,,,,,,,,,,,,,,,,,,,,,,,,,,,,,,,,,,,,,,,,,,
,,,,,,,,,,,,,,,,,,,,,,,,,,,,,,,,,,,,,,,,,,,,,,,,,,,,,,,,,,
,,,,,,,,,,,,,,,,,,,,,,,,,,,,,,,,,,,,,,,,,,,,,,,,,,,,,,,,,,
,,,,,,,,,,,,,,,,,,,,,,,,,,,,,,,,,,,,,,,,,,,,,,,,,,,,,,,,,,
,,,,,,,,,,,,,,,,,,,,,,,,,,,,,,,,,,,,,,,,,,,,,,,,,,,,,,,,,,
,,,,,,,,,,,,,,,,,,,,,,,,,,,,,,,,,,,,,,,,,,,,,,,,,,,,,,,,,,
,,,,,,,,,,,,,,,,,,,,,,,,,,,,,,,,,,,,,,,,,,,,,,,,,,,,,,,,,,
,,,,,,,,,,,,,,,,,,,,,,,,,,,,,,,,,,,,,,,,,,,,,,,,,,,,,,,,,,
,,,,,,,,,,,,,,,,,,,,,,,,,,,,,,,,,,,,,,,,,,,,,,,,,,,,,,,,,,
,,,,,,,,,,,,,,,,,,,,,,,,,,,,,,,,,,,,,,,,,,,,,,,,,,,,,,,,,,
,,,,,,,,,,,,,,,,,,,,,,,,,,,,,,,,,,,,,,,,,,,,,,,,,,,,,,,,,,
,,,,,,,,,,,,,,,,,,,,,,,,,,,,,,,,,,,,,,,,,,,,,,,,,,,,,,,,,,
,,,,,,,,,,,,,,,,,,,,,,,,,,,,,,,,,,,,,,,,,,,,,,,,,,,,,,,,,,
,,,,,,,,,,,,,,,,,,,,,,,,,,,,,,,,,,,,,,,,,,,,,,,,,,,,,,,,,,
,,,,,,,,,,,,,,,,,,,,,,,,,,,,,,,,,,,,,,,,,,,,,,,,,,,,,,,,,,
,,,,,,,,,,,,,,,,,,,,,,,,,,,,,,,,,,,,,,,,,,,,,,,,,,,,,,,,,,
,,,,,,,,,,,,,,,,,,,,,,,,,,,,,,,,,,,,,,,,,,,,,,,,,,,,,,,,,,
,,,,,,,,,,,,,,,,,,,,,,,,,,,,,,,,,,,,,,,,,,,,,,,,,,,,,,,,,,
,,,,,,,,,,,,,,,,,,,,,,,,,,,,,,,,,,,,,,,,,,,,,,,,,,,,,,,,,,
,,,,,,,,,,,,,,,,,,,,,,,,,,,,,,,,,,,,,,,,,,,,,,,,,,,,,,,,,,
,,,,,,,,,,,,,,,,,,,,,,,,,,,,,,,,,,,,,,,,,,,,,,,,,,,,,,,,,,
,,,,,,,,,,,,,,,,,,,,,,,,,,,,,,,,,,,,,,,,,,,,,,,,,,,,,,,,,,
,,,,,,,,,,,,,,,,,,,,,,,,,,,,,,,,,,,,,,,,,,,,,,,,,,,,,,,,,,
,,,,,,,,,,,,,,,,,,,,,,,,,,,,,,,,,,,,,,,,,,,,,,,,,,,,,,,,,,
,,,,,,,,,,,,,,,,,,,,,,,,,,,,,,,,,,,,,,,,,,,,,,,,,,,,,,,,,,
,,,,,,,,,,,,,,,,,,,,,,,,,,,,,,,,,,,,,,,,,,,,,,,,,,,,,,,,,,
,,,,,,,,,,,,,,,,,,,,,,,,,,,,,,,,,,,,,,,,,,,,,,,,,,,,,,,,,,
,,,,,,,,,,,,,,,,,,,,,,,,,,,,,,,,,,,,,,,,,,,,,,,,,,,,,,,,,,
,,,,,,,,,,,,,,,,,,,,,,,,,,,,,,,,,,,,,,,,,,,,,,,,,,,,,,,,,,
,,,,,,,,,,,,,,,,,,,,,,,,,,,,,,,,,,,,,,,,,,,,,,,,,,,,,,,,,,
,,,,,,,,,,,,,,,,,,,,,,,,,,,,,,,,,,,,,,,,,,,,,,,,,,,,,,,,,,
,,,,,,,,,,,,,,,,,,,,,,,,,,,,,,,,,,,,,,,,,,,,,,,,,,,,,,,,,,
,,,,,,,,,,,,,,,,,,,,,,,,,,,,,,,,,,,,,,,,,,,,,,,,,,,,,,,,,,
,,,,,,,,,,,,,,,,,,,,,,,,,,,,,,,,,,,,,,,,,,,,,,,,,,,,,,,,,,
,,,,,,,,,,,,,,,,,,,,,,,,,,,,,,,,,,,,,,,,,,,,,,,,,,,,,,,,,,
,,,,,,,,,,,,,,,,,,,,,,,,,,,,,,,,,,,,,,,,,,,,,,,,,,,,,,,,,,
,,,,,,,,,,,,,,,,,,,,,,,,,,,,,,,,,,,,,,,,,,,,,,,,,,,,,,,,,,
,,,,,,,,,,,,,,,,,,,,,,,,,,,,,,,,,,,,,,,,,,,,,,,,,,,,,,,,,,
,,,,,,,,,,,,,,,,,,,,,,,,,,,,,,,,,,,,,,,,,,,,,,,,,,,,,,,,,,
,,,,,,,,,,,,,,,,,,,,,,,,,,,,,,,,,,,,,,,,,,,,,,,,,,,,,,,,,,
,,,,,,,,,,,,,,,,,,,,,,,,,,,,,,,,,,,,,,,,,,,,,,,,,,,,,,,,,,
,,,,,,,,,,,,,,,,,,,,,,,,,,,,,,,,,,,,,,,,,,,,,,,,,,,,,,,,,,
,,,,,,,,,,,,,,,,,,,,,,,,,,,,,,,,,,,,,,,,,,,,,,,,,,,,,,,,,,
,,,,,,,,,,,,,,,,,,,,,,,,,,,,,,,,,,,,,,,,,,,,,,,,,,,,,,,,,,
,,,,,,,,,,,,,,,,,,,,,,,,,,,,,,,,,,,,,,,,,,,,,,,,,,,,,,,,,,
,,,,,,,,,,,,,,,,,,,,,,,,,,,,,,,,,,,,,,,,,,,,,,,,,,,,,,,,,,
,,,,,,,,,,,,,,,,,,,,,,,,,,,,,,,,,,,,,,,,,,,,,,,,,,,,,,,,,,
,,,,,,,,,,,,,,,,,,,,,,,,,,,,,,,,,,,,,,,,,,,,,,,,,,,,,,,,,,
,,,,,,,,,,,,,,,,,,,,,,,,,,,,,,,,,,,,,,,,,,,,,,,,,,,,,,,,,,
,,,,,,,,,,,,,,,,,,,,,,,,,,,,,,,,,,,,,,,,,,,,,,,,,,,,,,,,,,
,,,,,,,,,,,,,,,,,,,,,,,,,,,,,,,,,,,,,,,,,,,,,,,,,,,,,,,,,,
,,,,,,,,,,,,,,,,,,,,,,,,,,,,,,,,,,,,,,,,,,,,,,,,,,,,,,,,,,
,,,,,,,,,,,,,,,,,,,,,,,,,,,,,,,,,,,,,,,,,,,,,,,,,,,,,,,,,,
,,,,,,,,,,,,,,,,,,,,,,,,,,,,,,,,,,,,,,,,,,,,,,,,,,,,,,,,,,
,,,,,,,,,,,,,,,,,,,,,,,,,,,,,,,,,,,,,,,,,,,,,,,,,,,,,,,,,,
,,,,,,,,,,,,,,,,,,,,,,,,,,,,,,,,,,,,,,,,,,,,,,,,,,,,,,,,,,
,,,,,,,,,,,,,,,,,,,,,,,,,,,,,,,,,,,,,,,,,,,,,,,,,,,,,,,,,,
,,,,,,,,,,,,,,,,,,,,,,,,,,,,,,,,,,,,,,,,,,,,,,,,,,,,,,,,,,
,,,,,,,,,,,,,,,,,,,,,,,,,,,,,,,,,,,,,,,,,,,,,,,,,,,,,,,,,,
,,,,,,,,,,,,,,,,,,,,,,,,,,,,,,,,,,,,,,,,,,,,,,,,,,,,,,,,,,
,,,,,,,,,,,,,,,,,,,,,,,,,,,,,,,,,,,,,,,,,,,,,,,,,,,,,,,,,,
,,,,,,,,,,,,,,,,,,,,,,,,,,,,,,,,,,,,,,,,,,,,,,,,,,,,,,,,,,
,,,,,,,,,,,,,,,,,,,,,,,,,,,,,,,,,,,,,,,,,,,,,,,,,,,,,,,,,,
,,,,,,,,,,,,,,,,,,,,,,,,,,,,,,,,,,,,,,,,,,,,,,,,,,,,,,,,,,
,,,,,,,,,,,,,,,,,,,,,,,,,,,,,,,,,,,,,,,,,,,,,,,,,,,,,,,,,,
,,,,,,,,,,,,,,,,,,,,,,,,,,,,,,,,,,,,,,,,,,,,,,,,,,,,,,,,,,
,,,,,,,,,,,,,,,,,,,,,,,,,,,,,,,,,,,,,,,,,,,,,,,,,,,,,,,,,,
,,,,,,,,,,,,,,,,,,,,,,,,,,,,,,,,,,,,,,,,,,,,,,,,,,,,,,,,,,
,,,,,,,,,,,,,,,,,,,,,,,,,,,,,,,,,,,,,,,,,,,,,,,,,,,,,,,,,,
,,,,,,,,,,,,,,,,,,,,,,,,,,,,,,,,,,,,,,,,,,,,,,,,,,,,,,,,,,
,,,,,,,,,,,,,,,,,,,,,,,,,,,,,,,,,,,,,,,,,,,,,,,,,,,,,,,,,,
,,,,,,,,,,,,,,,,,,,,,,,,,,,,,,,,,,,,,,,,,,,,,,,,,,,,,,,,,,
,,,,,,,,,,,,,,,,,,,,,,,,,,,,,,,,,,,,,,,,,,,,,,,,,,,,,,,,,,
,,,,,,,,,,,,,,,,,,,,,,,,,,,,,,,,,,,,,,,,,,,,,,,,,,,,,,,,,,
,,,,,,,,,,,,,,,,,,,,,,,,,,,,,,,,,,,,,,,,,,,,,,,,,,,,,,,,,,
,,,,,,,,,,,,,,,,,,,,,,,,,,,,,,,,,,,,,,,,,,,,,,,,,,,,,,,,,,
,,,,,,,,,,,,,,,,,,,,,,,,,,,,,,,,,,,,,,,,,,,,,,,,,,,,,,,,,,
,,,,,,,,,,,,,,,,,,,,,,,,,,,,,,,,,,,,,,,,,,,,,,,,,,,,,,,,,,
,,,,,,,,,,,,,,,,,,,,,,,,,,,,,,,,,,,,,,,,,,,,,,,,,,,,,,,,,,
,,,,,,,,,,,,,,,,,,,,,,,,,,,,,,,,,,,,,,,,,,,,,,,,,,,,,,,,,,
,,,,,,,,,,,,,,,,,,,,,,,,,,,,,,,,,,,,,,,,,,,,,,,,,,,,,,,,,,
,,,,,,,,,,,,,,,,,,,,,,,,,,,,,,,,,,,,,,,,,,,,,,,,,,,,,,,,,,
,,,,,,,,,,,,,,,,,,,,,,,,,,,,,,,,,,,,,,,,,,,,,,,,,,,,,,,,,,
,,,,,,,,,,,,,,,,,,,,,,,,,,,,,,,,,,,,,,,,,,,,,,,,,,,,,,,,,,
,,,,,,,,,,,,,,,,,,,,,,,,,,,,,,,,,,,,,,,,,,,,,,,,,,,,,,,,,,
,,,,,,,,,,,,,,,,,,,,,,,,,,,,,,,,,,,,,,,,,,,,,,,,,,,,,,,,,,
,,,,,,,,,,,,,,,,,,,,,,,,,,,,,,,,,,,,,,,,,,,,,,,,,,,,,,,,,,
,,,,,,,,,,,,,,,,,,,,,,,,,,,,,,,,,,,,,,,,,,,,,,,,,,,,,,,,,,
,,,,,,,,,,,,,,,,,,,,,,,,,,,,,,,,,,,,,,,,,,,,,,,,,,,,,,,,,,
,,,,,,,,,,,,,,,,,,,,,,,,,,,,,,,,,,,,,,,,,,,,,,,,,,,,,,,,,,
,,,,,,,,,,,,,,,,,,,,,,,,,,,,,,,,,,,,,,,,,,,,,,,,,,,,,,,,,,
,,,,,,,,,,,,,,,,,,,,,,,,,,,,,,,,,,,,,,,,,,,,,,,,,,,,,,,,,,
,,,,,,,,,,,,,,,,,,,,,,,,,,,,,,,,,,,,,,,,,,,,,,,,,,,,,,,,,,
,,,,,,,,,,,,,,,,,,,,,,,,,,,,,,,,,,,,,,,,,,,,,,,,,,,,,,,,,,
,,,,,,,,,,,,,,,,,,,,,,,,,,,,,,,,,,,,,,,,,,,,,,,,,,,,,,,,,,
,,,,,,,,,,,,,,,,,,,,,,,,,,,,,,,,,,,,,,,,,,,,,,,,,,,,,,,,,,
,,,,,,,,,,,,,,,,,,,,,,,,,,,,,,,,,,,,,,,,,,,,,,,,,,,,,,,,,,
,,,,,,,,,,,,,,,,,,,,,,,,,,,,,,,,,,,,,,,,,,,,,,,,,,,,,,,,,,
,,,,,,,,,,,,,,,,,,,,,,,,,,,,,,,,,,,,,,,,,,,,,,,,,,,,,,,,,,
,,,,,,,,,,,,,,,,,,,,,,,,,,,,,,,,,,,,,,,,,,,,,,,,,,,,,,,,,,
,,,,,,,,,,,,,,,,,,,,,,,,,,,,,,,,,,,,,,,,,,,,,,,,,,,,,,,,,,
,,,,,,,,,,,,,,,,,,,,,,,,,,,,,,,,,,,,,,,,,,,,,,,,,,,,,,,,,,
,,,,,,,,,,,,,,,,,,,,,,,,,,,,,,,,,,,,,,,,,,,,,,,,,,,,,,,,,,
,,,,,,,,,,,,,,,,,,,,,,,,,,,,,,,,,,,,,,,,,,,,,,,,,,,,,,,,,,
,,,,,,,,,,,,,,,,,,,,,,,,,,,,,,,,,,,,,,,,,,,,,,,,,,,,,,,,,,
,,,,,,,,,,,,,,,,,,,,,,,,,,,,,,,,,,,,,,,,,,,,,,,,,,,,,,,,,,
,,,,,,,,,,,,,,,,,,,,,,,,,,,,,,,,,,,,,,,,,,,,,,,,,,,,,,,,,,
,,,,,,,,,,,,,,,,,,,,,,,,,,,,,,,,,,,,,,,,,,,,,,,,,,,,,,,,,,
,,,,,,,,,,,,,,,,,,,,,,,,,,,,,,,,,,,,,,,,,,,,,,,,,,,,,,,,,,
,,,,,,,,,,,,,,,,,,,,,,,,,,,,,,,,,,,,,,,,,,,,,,,,,,,,,,,,,,
,,,,,,,,,,,,,,,,,,,,,,,,,,,,,,,,,,,,,,,,,,,,,,,,,,,,,,,,,,
,,,,,,,,,,,,,,,,,,,,,,,,,,,,,,,,,,,,,,,,,,,,,,,,,,,,,,,,,,
,,,,,,,,,,,,,,,,,,,,,,,,,,,,,,,,,,,,,,,,,,,,,,,,,,,,,,,,,,
,,,,,,,,,,,,,,,,,,,,,,,,,,,,,,,,,,,,,,,,,,,,,,,,,,,,,,,,,,
,,,,,,,,,,,,,,,,,,,,,,,,,,,,,,,,,,,,,,,,,,,,,,,,,,,,,,,,,,
,,,,,,,,,,,,,,,,,,,,,,,,,,,,,,,,,,,,,,,,,,,,,,,,,,,,,,,,,,
,,,,,,,,,,,,,,,,,,,,,,,,,,,,,,,,,,,,,,,,,,,,,,,,,,,,,,,,,,
,,,,,,,,,,,,,,,,,,,,,,,,,,,,,,,,,,,,,,,,,,,,,,,,,,,,,,,,,,
,,,,,,,,,,,,,,,,,,,,,,,,,,,,,,,,,,,,,,,,,,,,,,,,,,,,,,,,,,
,,,,,,,,,,,,,,,,,,,,,,,,,,,,,,,,,,,,,,,,,,,,,,,,,,,,,,,,,,
,,,,,,,,,,,,,,,,,,,,,,,,,,,,,,,,,,,,,,,,,,,,,,,,,,,,,,,,,,
,,,,,,,,,,,,,,,,,,,,,,,,,,,,,,,,,,,,,,,,,,,,,,,,,,,,,,,,,,
,,,,,,,,,,,,,,,,,,,,,,,,,,,,,,,,,,,,,,,,,,,,,,,,,,,,,,,,,,
,,,,,,,,,,,,,,,,,,,,,,,,,,,,,,,,,,,,,,,,,,,,,,,,,,,,,,,,,,
,,,,,,,,,,,,,,,,,,,,,,,,,,,,,,,,,,,,,,,,,,,,,,,,,,,,,,,,,,
,,,,,,,,,,,,,,,,,,,,,,,,,,,,,,,,,,,,,,,,,,,,,,,,,,,,,,,,,,
,,,,,,,,,,,,,,,,,,,,,,,,,,,,,,,,,,,,,,,,,,,,,,,,,,,,,,,,,,
,,,,,,,,,,,,,,,,,,,,,,,,,,,,,,,,,,,,,,,,,,,,,,,,,,,,,,,,,,
,,,,,,,,,,,,,,,,,,,,,,,,,,,,,,,,,,,,,,,,,,,,,,,,,,,,,,,,,,
,,,,,,,,,,,,,,,,,,,,,,,,,,,,,,,,,,,,,,,,,,,,,,,,,,,,,,,,,,
,,,,,,,,,,,,,,,,,,,,,,,,,,,,,,,,,,,,,,,,,,,,,,,,,,,,,,,,,,
,,,,,,,,,,,,,,,,,,,,,,,,,,,,,,,,,,,,,,,,,,,,,,,,,,,,,,,,,,
,,,,,,,,,,,,,,,,,,,,,,,,,,,,,,,,,,,,,,,,,,,,,,,,,,,,,,,,,,
,,,,,,,,,,,,,,,,,,,,,,,,,,,,,,,,,,,,,,,,,,,,,,,,,,,,,,,,,,
,,,,,,,,,,,,,,,,,,,,,,,,,,,,,,,,,,,,,,,,,,,,,,,,,,,,,,,,,,
,,,,,,,,,,,,,,,,,,,,,,,,,,,,,,,,,,,,,,,,,,,,,,,,,,,,,,,,,,
,,,,,,,,,,,,,,,,,,,,,,,,,,,,,,,,,,,,,,,,,,,,,,,,,,,,,,,,,,
,,,,,,,,,,,,,,,,,,,,,,,,,,,,,,,,,,,,,,,,,,,,,,,,,,,,,,,,,,
,,,,,,,,,,,,,,,,,,,,,,,,,,,,,,,,,,,,,,,,,,,,,,,,,,,,,,,,,,
,,,,,,,,,,,,,,,,,,,,,,,,,,,,,,,,,,,,,,,,,,,,,,,,,,,,,,,,,,
,,,,,,,,,,,,,,,,,,,,,,,,,,,,,,,,,,,,,,,,,,,,,,,,,,,,,,,,,,
,,,,,,,,,,,,,,,,,,,,,,,,,,,,,,,,,,,,,,,,,,,,,,,,,,,,,,,,,,
,,,,,,,,,,,,,,,,,,,,,,,,,,,,,,,,,,,,,,,,,,,,,,,,,,,,,,,,,,
,,,,,,,,,,,,,,,,,,,,,,,,,,,,,,,,,,,,,,,,,,,,,,,,,,,,,,,,,,
,,,,,,,,,,,,,,,,,,,,,,,,,,,,,,,,,,,,,,,,,,,,,,,,,,,,,,,,,,
,,,,,,,,,,,,,,,,,,,,,,,,,,,,,,,,,,,,,,,,,,,,,,,,,,,,,,,,,,
,,,,,,,,,,,,,,,,,,,,,,,,,,,,,,,,,,,,,,,,,,,,,,,,,,,,,,,,,,
,,,,,,,,,,,,,,,,,,,,,,,,,,,,,,,,,,,,,,,,,,,,,,,,,,,,,,,,,,
,,,,,,,,,,,,,,,,,,,,,,,,,,,,,,,,,,,,,,,,,,,,,,,,,,,,,,,,,,
,,,,,,,,,,,,,,,,,,,,,,,,,,,,,,,,,,,,,,,,,,,,,,,,,,,,,,,,,,
,,,,,,,,,,,,,,,,,,,,,,,,,,,,,,,,,,,,,,,,,,,,,,,,,,,,,,,,,,
,,,,,,,,,,,,,,,,,,,,,,,,,,,,,,,,,,,,,,,,,,,,,,,,,,,,,,,,,,
,,,,,,,,,,,,,,,,,,,,,,,,,,,,,,,,,,,,,,,,,,,,,,,,,,,,,,,,,,
,,,,,,,,,,,,,,,,,,,,,,,,,,,,,,,,,,,,,,,,,,,,,,,,,,,,,,,,,,
,,,,,,,,,,,,,,,,,,,,,,,,,,,,,,,,,,,,,,,,,,,,,,,,,,,,,,,,,,
,,,,,,,,,,,,,,,,,,,,,,,,,,,,,,,,,,,,,,,,,,,,,,,,,,,,,,,,,,
,,,,,,,,,,,,,,,,,,,,,,,,,,,,,,,,,,,,,,,,,,,,,,,,,,,,,,,,,,
,,,,,,,,,,,,,,,,,,,,,,,,,,,,,,,,,,,,,,,,,,,,,,,,,,,,,,,,,,
,,,,,,,,,,,,,,,,,,,,,,,,,,,,,,,,,,,,,,,,,,,,,,,,,,,,,,,,,,
,,,,,,,,,,,,,,,,,,,,,,,,,,,,,,,,,,,,,,,,,,,,,,,,,,,,,,,,,,
,,,,,,,,,,,,,,,,,,,,,,,,,,,,,,,,,,,,,,,,,,,,,,,,,,,,,,,,,,
,,,,,,,,,,,,,,,,,,,,,,,,,,,,,,,,,,,,,,,,,,,,,,,,,,,,,,,,,,
,,,,,,,,,,,,,,,,,,,,,,,,,,,,,,,,,,,,,,,,,,,,,,,,,,,,,,,,,,
,,,,,,,,,,,,,,,,,,,,,,,,,,,,,,,,,,,,,,,,,,,,,,,,,,,,,,,,,,
,,,,,,,,,,,,,,,,,,,,,,,,,,,,,,,,,,,,,,,,,,,,,,,,,,,,,,,,,,
,,,,,,,,,,,,,,,,,,,,,,,,,,,,,,,,,,,,,,,,,,,,,,,,,,,,,,,,,,
,,,,,,,,,,,,,,,,,,,,,,,,,,,,,,,,,,,,,,,,,,,,,,,,,,,,,,,,,,
,,,,,,,,,,,,,,,,,,,,,,,,,,,,,,,,,,,,,,,,,,,,,,,,,,,,,,,,,,
,,,,,,,,,,,,,,,,,,,,,,,,,,,,,,,,,,,,,,,,,,,,,,,,,,,,,,,,,,
,,,,,,,,,,,,,,,,,,,,,,,,,,,,,,,,,,,,,,,,,,,,,,,,,,,,,,,,,,
,,,,,,,,,,,,,,,,,,,,,,,,,,,,,,,,,,,,,,,,,,,,,,,,,,,,,,,,,,
,,,,,,,,,,,,,,,,,,,,,,,,,,,,,,,,,,,,,,,,,,,,,,,,,,,,,,,,,,
,,,,,,,,,,,,,,,,,,,,,,,,,,,,,,,,,,,,,,,,,,,,,,,,,,,,,,,,,,
,,,,,,,,,,,,,,,,,,,,,,,,,,,,,,,,,,,,,,,,,,,,,,,,,,,,,,,,,,
,,,,,,,,,,,,,,,,,,,,,,,,,,,,,,,,,,,,,,,,,,,,,,,,,,,,,,,,,,
,,,,,,,,,,,,,,,,,,,,,,,,,,,,,,,,,,,,,,,,,,,,,,,,,,,,,,,,,,
,,,,,,,,,,,,,,,,,,,,,,,,,,,,,,,,,,,,,,,,,,,,,,,,,,,,,,,,,,
,,,,,,,,,,,,,,,,,,,,,,,,,,,,,,,,,,,,,,,,,,,,,,,,,,,,,,,,,,
,,,,,,,,,,,,,,,,,,,,,,,,,,,,,,,,,,,,,,,,,,,,,,,,,,,,,,,,,,
,,,,,,,,,,,,,,,,,,,,,,,,,,,,,,,,,,,,,,,,,,,,,,,,,,,,,,,,,,
,,,,,,,,,,,,,,,,,,,,,,,,,,,,,,,,,,,,,,,,,,,,,,,,,,,,,,,,,,
,,,,,,,,,,,,,,,,,,,,,,,,,,,,,,,,,,,,,,,,,,,,,,,,,,,,,,,,,,
,,,,,,,,,,,,,,,,,,,,,,,,,,,,,,,,,,,,,,,,,,,,,,,,,,,,,,,,,,
,,,,,,,,,,,,,,,,,,,,,,,,,,,,,,,,,,,,,,,,,,,,,,,,,,,,,,,,,,
,,,,,,,,,,,,,,,,,,,,,,,,,,,,,,,,,,,,,,,,,,,,,,,,,,,,,,,,,,
,,,,,,,,,,,,,,,,,,,,,,,,,,,,,,,,,,,,,,,,,,,,,,,,,,,,,,,,,,
,,,,,,,,,,,,,,,,,,,,,,,,,,,,,,,,,,,,,,,,,,,,,,,,,,,,,,,,,,
,,,,,,,,,,,,,,,,,,,,,,,,,,,,,,,,,,,,,,,,,,,,,,,,,,,,,,,,,,
,,,,,,,,,,,,,,,,,,,,,,,,,,,,,,,,,,,,,,,,,,,,,,,,,,,,,,,,,,
,,,,,,,,,,,,,,,,,,,,,,,,,,,,,,,,,,,,,,,,,,,,,,,,,,,,,,,,,,
,,,,,,,,,,,,,,,,,,,,,,,,,,,,,,,,,,,,,,,,,,,,,,,,,,,,,,,,,,
,,,,,,,,,,,,,,,,,,,,,,,,,,,,,,,,,,,,,,,,,,,,,,,,,,,,,,,,,,
,,,,,,,,,,,,,,,,,,,,,,,,,,,,,,,,,,,,,,,,,,,,,,,,,,,,,,,,,,
,,,,,,,,,,,,,,,,,,,,,,,,,,,,,,,,,,,,,,,,,,,,,,,,,,,,,,,,,,
,,,,,,,,,,,,,,,,,,,,,,,,,,,,,,,,,,,,,,,,,,,,,,,,,,,,,,,,,,
,,,,,,,,,,,,,,,,,,,,,,,,,,,,,,,,,,,,,,,,,,,,,,,,,,,,,,,,,,
,,,,,,,,,,,,,,,,,,,,,,,,,,,,,,,,,,,,,,,,,,,,,,,,,,,,,,,,,,
,,,,,,,,,,,,,,,,,,,,,,,,,,,,,,,,,,,,,,,,,,,,,,,,,,,,,,,,,,
,,,,,,,,,,,,,,,,,,,,,,,,,,,,,,,,,,,,,,,,,,,,,,,,,,,,,,,,,,
,,,,,,,,,,,,,,,,,,,,,,,,,,,,,,,,,,,,,,,,,,,,,,,,,,,,,,,,,,
,,,,,,,,,,,,,,,,,,,,,,,,,,,,,,,,,,,,,,,,,,,,,,,,,,,,,,,,,,
,,,,,,,,,,,,,,,,,,,,,,,,,,,,,,,,,,,,,,,,,,,,,,,,,,,,,,,,,,
,,,,,,,,,,,,,,,,,,,,,,,,,,,,,,,,,,,,,,,,,,,,,,,,,,,,,,,,,,
,,,,,,,,,,,,,,,,,,,,,,,,,,,,,,,,,,,,,,,,,,,,,,,,,,,,,,,,,,
,,,,,,,,,,,,,,,,,,,,,,,,,,,,,,,,,,,,,,,,,,,,,,,,,,,,,,,,,,
,,,,,,,,,,,,,,,,,,,,,,,,,,,,,,,,,,,,,,,,,,,,,,,,,,,,,,,,,,
,,,,,,,,,,,,,,,,,,,,,,,,,,,,,,,,,,,,,,,,,,,,,,,,,,,,,,,,,,
,,,,,,,,,,,,,,,,,,,,,,,,,,,,,,,,,,,,,,,,,,,,,,,,,,,,,,,,,,
,,,,,,,,,,,,,,,,,,,,,,,,,,,,,,,,,,,,,,,,,,,,,,,,,,,,,,,,,,
,,,,,,,,,,,,,,,,,,,,,,,,,,,,,,,,,,,,,,,,,,,,,,,,,,,,,,,,,,
,,,,,,,,,,,,,,,,,,,,,,,,,,,,,,,,,,,,,,,,,,,,,,,,,,,,,,,,,,
,,,,,,,,,,,,,,,,,,,,,,,,,,,,,,,,,,,,,,,,,,,,,,,,,,,,,,,,,,
,,,,,,,,,,,,,,,,,,,,,,,,,,,,,,,,,,,,,,,,,,,,,,,,,,,,,,,,,,
,,,,,,,,,,,,,,,,,,,,,,,,,,,,,,,,,,,,,,,,,,,,,,,,,,,,,,,,,,
,,,,,,,,,,,,,,,,,,,,,,,,,,,,,,,,,,,,,,,,,,,,,,,,,,,,,,,,,,
,,,,,,,,,,,,,,,,,,,,,,,,,,,,,,,,,,,,,,,,,,,,,,,,,,,,,,,,,,
,,,,,,,,,,,,,,,,,,,,,,,,,,,,,,,,,,,,,,,,,,,,,,,,,,,,,,,,,,
,,,,,,,,,,,,,,,,,,,,,,,,,,,,,,,,,,,,,,,,,,,,,,,,,,,,,,,,,,
,,,,,,,,,,,,,,,,,,,,,,,,,,,,,,,,,,,,,,,,,,,,,,,,,,,,,,,,,,
,,,,,,,,,,,,,,,,,,,,,,,,,,,,,,,,,,,,,,,,,,,,,,,,,,,,,,,,,,
,,,,,,,,,,,,,,,,,,,,,,,,,,,,,,,,,,,,,,,,,,,,,,,,,,,,,,,,,,
,,,,,,,,,,,,,,,,,,,,,,,,,,,,,,,,,,,,,,,,,,,,,,,,,,,,,,,,,,
,,,,,,,,,,,,,,,,,,,,,,,,,,,,,,,,,,,,,,,,,,,,,,,,,,,,,,,,,,
,,,,,,,,,,,,,,,,,,,,,,,,,,,,,,,,,,,,,,,,,,,,,,,,,,,,,,,,,,
,,,,,,,,,,,,,,,,,,,,,,,,,,,,,,,,,,,,,,,,,,,,,,,,,,,,,,,,,,
,,,,,,,,,,,,,,,,,,,,,,,,,,,,,,,,,,,,,,,,,,,,,,,,,,,,,,,,,,
,,,,,,,,,,,,,,,,,,,,,,,,,,,,,,,,,,,,,,,,,,,,,,,,,,,,,,,,,,
,,,,,,,,,,,,,,,,,,,,,,,,,,,,,,,,,,,,,,,,,,,,,,,,,,,,,,,,,,
,,,,,,,,,,,,,,,,,,,,,,,,,,,,,,,,,,,,,,,,,,,,,,,,,,,,,,,,,,
,,,,,,,,,,,,,,,,,,,,,,,,,,,,,,,,,,,,,,,,,,,,,,,,,,,,,,,,,,
,,,,,,,,,,,,,,,,,,,,,,,,,,,,,,,,,,,,,,,,,,,,,,,,,,,,,,,,,,
,,,,,,,,,,,,,,,,,,,,,,,,,,,,,,,,,,,,,,,,,,,,,,,,,,,,,,,,,,
,,,,,,,,,,,,,,,,,,,,,,,,,,,,,,,,,,,,,,,,,,,,,,,,,,,,,,,,,,
,,,,,,,,,,,,,,,,,,,,,,,,,,,,,,,,,,,,,,,,,,,,,,,,,,,,,,,,,,
,,,,,,,,,,,,,,,,,,,,,,,,,,,,,,,,,,,,,,,,,,,,,,,,,,,,,,,,,,
,,,,,,,,,,,,,,,,,,,,,,,,,,,,,,,,,,,,,,,,,,,,,,,,,,,,,,,,,,
,,,,,,,,,,,,,,,,,,,,,,,,,,,,,,,,,,,,,,,,,,,,,,,,,,,,,,,,,,
,,,,,,,,,,,,,,,,,,,,,,,,,,,,,,,,,,,,,,,,,,,,,,,,,,,,,,,,,,
,,,,,,,,,,,,,,,,,,,,,,,,,,,,,,,,,,,,,,,,,,,,,,,,,,,,,,,,,,
,,,,,,,,,,,,,,,,,,,,,,,,,,,,,,,,,,,,,,,,,,,,,,,,,,,,,,,,,,
,,,,,,,,,,,,,,,,,,,,,,,,,,,,,,,,,,,,,,,,,,,,,,,,,,,,,,,,,,
,,,,,,,,,,,,,,,,,,,,,,,,,,,,,,,,,,,,,,,,,,,,,,,,,,,,,,,,,,
,,,,,,,,,,,,,,,,,,,,,,,,,,,,,,,,,,,,,,,,,,,,,,,,,,,,,,,,,,
,,,,,,,,,,,,,,,,,,,,,,,,,,,,,,,,,,,,,,,,,,,,,,,,,,,,,,,,,,
,,,,,,,,,,,,,,,,,,,,,,,,,,,,,,,,,,,,,,,,,,,,,,,,,,,,,,,,,,
,,,,,,,,,,,,,,,,,,,,,,,,,,,,,,,,,,,,,,,,,,,,,,,,,,,,,,,,,,
,,,,,,,,,,,,,,,,,,,,,,,,,,,,,,,,,,,,,,,,,,,,,,,,,,,,,,,,,,
,,,,,,,,,,,,,,,,,,,,,,,,,,,,,,,,,,,,,,,,,,,,,,,,,,,,,,,,,,
,,,,,,,,,,,,,,,,,,,,,,,,,,,,,,,,,,,,,,,,,,,,,,,,,,,,,,,,,,
,,,,,,,,,,,,,,,,,,,,,,,,,,,,,,,,,,,,,,,,,,,,,,,,,,,,,,,,,,
,,,,,,,,,,,,,,,,,,,,,,,,,,,,,,,,,,,,,,,,,,,,,,,,,,,,,,,,,,
,,,,,,,,,,,,,,,,,,,,,,,,,,,,,,,,,,,,,,,,,,,,,,,,,,,,,,,,,,
,,,,,,,,,,,,,,,,,,,,,,,,,,,,,,,,,,,,,,,,,,,,,,,,,,,,,,,,,,
,,,,,,,,,,,,,,,,,,,,,,,,,,,,,,,,,,,,,,,,,,,,,,,,,,,,,,,,,,
,,,,,,,,,,,,,,,,,,,,,,,,,,,,,,,,,,,,,,,,,,,,,,,,,,,,,,,,,,
,,,,,,,,,,,,,,,,,,,,,,,,,,,,,,,,,,,,,,,,,,,,,,,,,,,,,,,,,,
,,,,,,,,,,,,,,,,,,,,,,,,,,,,,,,,,,,,,,,,,,,,,,,,,,,,,,,,,,
,,,,,,,,,,,,,,,,,,,,,,,,,,,,,,,,,,,,,,,,,,,,,,,,,,,,,,,,,,
,,,,,,,,,,,,,,,,,,,,,,,,,,,,,,,,,,,,,,,,,,,,,,,,,,,,,,,,,,
,,,,,,,,,,,,,,,,,,,,,,,,,,,,,,,,,,,,,,,,,,,,,,,,,,,,,,,,,,
,,,,,,,,,,,,,,,,,,,,,,,,,,,,,,,,,,,,,,,,,,,,,,,,,,,,,,,,,,
,,,,,,,,,,,,,,,,,,,,,,,,,,,,,,,,,,,,,,,,,,,,,,,,,,,,,,,,,,
,,,,,,,,,,,,,,,,,,,,,,,,,,,,,,,,,,,,,,,,,,,,,,,,,,,,,,,,,,
,,,,,,,,,,,,,,,,,,,,,,,,,,,,,,,,,,,,,,,,,,,,,,,,,,,,,,,,,,
,,,,,,,,,,,,,,,,,,,,,,,,,,,,,,,,,,,,,,,,,,,,,,,,,,,,,,,,,,
,,,,,,,,,,,,,,,,,,,,,,,,,,,,,,,,,,,,,,,,,,,,,,,,,,,,,,,,,,
,,,,,,,,,,,,,,,,,,,,,,,,,,,,,,,,,,,,,,,,,,,,,,,,,,,,,,,,,,
,,,,,,,,,,,,,,,,,,,,,,,,,,,,,,,,,,,,,,,,,,,,,,,,,,,,,,,,,,
,,,,,,,,,,,,,,,,,,,,,,,,,,,,,,,,,,,,,,,,,,,,,,,,,,,,,,,,,,
,,,,,,,,,,,,,,,,,,,,,,,,,,,,,,,,,,,,,,,,,,,,,,,,,,,,,,,,,,
,,,,,,,,,,,,,,,,,,,,,,,,,,,,,,,,,,,,,,,,,,,,,,,,,,,,,,,,,,
,,,,,,,,,,,,,,,,,,,,,,,,,,,,,,,,,,,,,,,,,,,,,,,,,,,,,,,,,,
,,,,,,,,,,,,,,,,,,,,,,,,,,,,,,,,,,,,,,,,,,,,,,,,,,,,,,,,,,
,,,,,,,,,,,,,,,,,,,,,,,,,,,,,,,,,,,,,,,,,,,,,,,,,,,,,,,,,,
,,,,,,,,,,,,,,,,,,,,,,,,,,,,,,,,,,,,,,,,,,,,,,,,,,,,,,,,,,
,,,,,,,,,,,,,,,,,,,,,,,,,,,,,,,,,,,,,,,,,,,,,,,,,,,,,,,,,,
,,,,,,,,,,,,,,,,,,,,,,,,,,,,,,,,,,,,,,,,,,,,,,,,,,,,,,,,,,
,,,,,,,,,,,,,,,,,,,,,,,,,,,,,,,,,,,,,,,,,,,,,,,,,,,,,,,,,,
,,,,,,,,,,,,,,,,,,,,,,,,,,,,,,,,,,,,,,,,,,,,,,,,,,,,,,,,,,
,,,,,,,,,,,,,,,,,,,,,,,,,,,,,,,,,,,,,,,,,,,,,,,,,,,,,,,,,,
,,,,,,,,,,,,,,,,,,,,,,,,,,,,,,,,,,,,,,,,,,,,,,,,,,,,,,,,,,
,,,,,,,,,,,,,,,,,,,,,,,,,,,,,,,,,,,,,,,,,,,,,,,,,,,,,,,,,,
,,,,,,,,,,,,,,,,,,,,,,,,,,,,,,,,,,,,,,,,,,,,,,,,,,,,,,,,,,
,,,,,,,,,,,,,,,,,,,,,,,,,,,,,,,,,,,,,,,,,,,,,,,,,,,,,,,,,,
,,,,,,,,,,,,,,,,,,,,,,,,,,,,,,,,,,,,,,,,,,,,,,,,,,,,,,,,,,
,,,,,,,,,,,,,,,,,,,,,,,,,,,,,,,,,,,,,,,,,,,,,,,,,,,,,,,,,,
,,,,,,,,,,,,,,,,,,,,,,,,,,,,,,,,,,,,,,,,,,,,,,,,,,,,,,,,,,
,,,,,,,,,,,,,,,,,,,,,,,,,,,,,,,,,,,,,,,,,,,,,,,,,,,,,,,,,,
,,,,,,,,,,,,,,,,,,,,,,,,,,,,,,,,,,,,,,,,,,,,,,,,,,,,,,,,,,
,,,,,,,,,,,,,,,,,,,,,,,,,,,,,,,,,,,,,,,,,,,,,,,,,,,,,,,,,,
,,,,,,,,,,,,,,,,,,,,,,,,,,,,,,,,,,,,,,,,,,,,,,,,,,,,,,,,,,
,,,,,,,,,,,,,,,,,,,,,,,,,,,,,,,,,,,,,,,,,,,,,,,,,,,,,,,,,,
,,,,,,,,,,,,,,,,,,,,,,,,,,,,,,,,,,,,,,,,,,,,,,,,,,,,,,,,,,
,,,,,,,,,,,,,,,,,,,,,,,,,,,,,,,,,,,,,,,,,,,,,,,,,,,,,,,,,,
,,,,,,,,,,,,,,,,,,,,,,,,,,,,,,,,,,,,,,,,,,,,,,,,,,,,,,,,,,
,,,,,,,,,,,,,,,,,,,,,,,,,,,,,,,,,,,,,,,,,,,,,,,,,,,,,,,,,,
,,,,,,,,,,,,,,,,,,,,,,,,,,,,,,,,,,,,,,,,,,,,,,,,,,,,,,,,,,
,,,,,,,,,,,,,,,,,,,,,,,,,,,,,,,,,,,,,,,,,,,,,,,,,,,,,,,,,,
,,,,,,,,,,,,,,,,,,,,,,,,,,,,,,,,,,,,,,,,,,,,,,,,,,,,,,,,,,
,,,,,,,,,,,,,,,,,,,,,,,,,,,,,,,,,,,,,,,,,,,,,,,,,,,,,,,,,,
,,,,,,,,,,,,,,,,,,,,,,,,,,,,,,,,,,,,,,,,,,,,,,,,,,,,,,,,,,
,,,,,,,,,,,,,,,,,,,,,,,,,,,,,,,,,,,,,,,,,,,,,,,,,,,,,,,,,,
,,,,,,,,,,,,,,,,,,,,,,,,,,,,,,,,,,,,,,,,,,,,,,,,,,,,,,,,,,
,,,,,,,,,,,,,,,,,,,,,,,,,,,,,,,,,,,,,,,,,,,,,,,,,,,,,,,,,,
,,,,,,,,,,,,,,,,,,,,,,,,,,,,,,,,,,,,,,,,,,,,,,,,,,,,,,,,,,
,,,,,,,,,,,,,,,,,,,,,,,,,,,,,,,,,,,,,,,,,,,,,,,,,,,,,,,,,,
,,,,,,,,,,,,,,,,,,,,,,,,,,,,,,,,,,,,,,,,,,,,,,,,,,,,,,,,,,
,,,,,,,,,,,,,,,,,,,,,,,,,,,,,,,,,,,,,,,,,,,,,,,,,,,,,,,,,,
,,,,,,,,,,,,,,,,,,,,,,,,,,,,,,,,,,,,,,,,,,,,,,,,,,,,,,,,,,
,,,,,,,,,,,,,,,,,,,,,,,,,,,,,,,,,,,,,,,,,,,,,,,,,,,,,,,,,,
,,,,,,,,,,,,,,,,,,,,,,,,,,,,,,,,,,,,,,,,,,,,,,,,,,,,,,,,,,
,,,,,,,,,,,,,,,,,,,,,,,,,,,,,,,,,,,,,,,,,,,,,,,,,,,,,,,,,,
,,,,,,,,,,,,,,,,,,,,,,,,,,,,,,,,,,,,,,,,,,,,,,,,,,,,,,,,,,
,,,,,,,,,,,,,,,,,,,,,,,,,,,,,,,,,,,,,,,,,,,,,,,,,,,,,,,,,,
,,,,,,,,,,,,,,,,,,,,,,,,,,,,,,,,,,,,,,,,,,,,,,,,,,,,,,,,,,
,,,,,,,,,,,,,,,,,,,,,,,,,,,,,,,,,,,,,,,,,,,,,,,,,,,,,,,,,,
,,,,,,,,,,,,,,,,,,,,,,,,,,,,,,,,,,,,,,,,,,,,,,,,,,,,,,,,,,
,,,,,,,,,,,,,,,,,,,,,,,,,,,,,,,,,,,,,,,,,,,,,,,,,,,,,,,,,,
,,,,,,,,,,,,,,,,,,,,,,,,,,,,,,,,,,,,,,,,,,,,,,,,,,,,,,,,,,
,,,,,,,,,,,,,,,,,,,,,,,,,,,,,,,,,,,,,,,,,,,,,,,,,,,,,,,,,,
,,,,,,,,,,,,,,,,,,,,,,,,,,,,,,,,,,,,,,,,,,,,,,,,,,,,,,,,,,
,,,,,,,,,,,,,,,,,,,,,,,,,,,,,,,,,,,,,,,,,,,,,,,,,,,,,,,,,,
,,,,,,,,,,,,,,,,,,,,,,,,,,,,,,,,,,,,,,,,,,,,,,,,,,,,,,,,,,
,,,,,,,,,,,,,,,,,,,,,,,,,,,,,,,,,,,,,,,,,,,,,,,,,,,,,,,,,,
,,,,,,,,,,,,,,,,,,,,,,,,,,,,,,,,,,,,,,,,,,,,,,,,,,,,,,,,,,
,,,,,,,,,,,,,,,,,,,,,,,,,,,,,,,,,,,,,,,,,,,,,,,,,,,,,,,,,,
,,,,,,,,,,,,,,,,,,,,,,,,,,,,,,,,,,,,,,,,,,,,,,,,,,,,,,,,,,
,,,,,,,,,,,,,,,,,,,,,,,,,,,,,,,,,,,,,,,,,,,,,,,,,,,,,,,,,,
,,,,,,,,,,,,,,,,,,,,,,,,,,,,,,,,,,,,,,,,,,,,,,,,,,,,,,,,,,
,,,,,,,,,,,,,,,,,,,,,,,,,,,,,,,,,,,,,,,,,,,,,,,,,,,,,,,,,,
,,,,,,,,,,,,,,,,,,,,,,,,,,,,,,,,,,,,,,,,,,,,,,,,,,,,,,,,,,
,,,,,,,,,,,,,,,,,,,,,,,,,,,,,,,,,,,,,,,,,,,,,,,,,,,,,,,,,,
,,,,,,,,,,,,,,,,,,,,,,,,,,,,,,,,,,,,,,,,,,,,,,,,,,,,,,,,,,
,,,,,,,,,,,,,,,,,,,,,,,,,,,,,,,,,,,,,,,,,,,,,,,,,,,,,,,,,,
,,,,,,,,,,,,,,,,,,,,,,,,,,,,,,,,,,,,,,,,,,,,,,,,,,,,,,,,,,
,,,,,,,,,,,,,,,,,,,,,,,,,,,,,,,,,,,,,,,,,,,,,,,,,,,,,,,,,,
,,,,,,,,,,,,,,,,,,,,,,,,,,,,,,,,,,,,,,,,,,,,,,,,,,,,,,,,,,
,,,,,,,,,,,,,,,,,,,,,,,,,,,,,,,,,,,,,,,,,,,,,,,,,,,,,,,,,,
,,,,,,,,,,,,,,,,,,,,,,,,,,,,,,,,,,,,,,,,,,,,,,,,,,,,,,,,,,
,,,,,,,,,,,,,,,,,,,,,,,,,,,,,,,,,,,,,,,,,,,,,,,,,,,,,,,,,,
,,,,,,,,,,,,,,,,,,,,,,,,,,,,,,,,,,,,,,,,,,,,,,,,,,,,,,,,,,
,,,,,,,,,,,,,,,,,,,,,,,,,,,,,,,,,,,,,,,,,,,,,,,,,,,,,,,,,,
,,,,,,,,,,,,,,,,,,,,,,,,,,,,,,,,,,,,,,,,,,,,,,,,,,,,,,,,,,
,,,,,,,,,,,,,,,,,,,,,,,,,,,,,,,,,,,,,,,,,,,,,,,,,,,,,,,,,,
,,,,,,,,,,,,,,,,,,,,,,,,,,,,,,,,,,,,,,,,,,,,,,,,,,,,,,,,,,
,,,,,,,,,,,,,,,,,,,,,,,,,,,,,,,,,,,,,,,,,,,,,,,,,,,,,,,,,,
,,,,,,,,,,,,,,,,,,,,,,,,,,,,,,,,,,,,,,,,,,,,,,,,,,,,,,,,,,
,,,,,,,,,,,,,,,,,,,,,,,,,,,,,,,,,,,,,,,,,,,,,,,,,,,,,,,,,,
,,,,,,,,,,,,,,,,,,,,,,,,,,,,,,,,,,,,,,,,,,,,,,,,,,,,,,,,,,
,,,,,,,,,,,,,,,,,,,,,,,,,,,,,,,,,,,,,,,,,,,,,,,,,,,,,,,,,,
,,,,,,,,,,,,,,,,,,,,,,,,,,,,,,,,,,,,,,,,,,,,,,,,,,,,,,,,,,
,,,,,,,,,,,,,,,,,,,,,,,,,,,,,,,,,,,,,,,,,,,,,,,,,,,,,,,,,,
,,,,,,,,,,,,,,,,,,,,,,,,,,,,,,,,,,,,,,,,,,,,,,,,,,,,,,,,,,
,,,,,,,,,,,,,,,,,,,,,,,,,,,,,,,,,,,,,,,,,,,,,,,,,,,,,,,,,,
,,,,,,,,,,,,,,,,,,,,,,,,,,,,,,,,,,,,,,,,,,,,,,,,,,,,,,,,,,
,,,,,,,,,,,,,,,,,,,,,,,,,,,,,,,,,,,,,,,,,,,,,,,,,,,,,,,,,,
,,,,,,,,,,,,,,,,,,,,,,,,,,,,,,,,,,,,,,,,,,,,,,,,,,,,,,,,,,
,,,,,,,,,,,,,,,,,,,,,,,,,,,,,,,,,,,,,,,,,,,,,,,,,,,,,,,,,,
,,,,,,,,,,,,,,,,,,,,,,,,,,,,,,,,,,,,,,,,,,,,,,,,,,,,,,,,,,
,,,,,,,,,,,,,,,,,,,,,,,,,,,,,,,,,,,,,,,,,,,,,,,,,,,,,,,,,,
,,,,,,,,,,,,,,,,,,,,,,,,,,,,,,,,,,,,,,,,,,,,,,,,,,,,,,,,,,
,,,,,,,,,,,,,,,,,,,,,,,,,,,,,,,,,,,,,,,,,,,,,,,,,,,,,,,,,,
,,,,,,,,,,,,,,,,,,,,,,,,,,,,,,,,,,,,,,,,,,,,,,,,,,,,,,,,,,
,,,,,,,,,,,,,,,,,,,,,,,,,,,,,,,,,,,,,,,,,,,,,,,,,,,,,,,,,,
,,,,,,,,,,,,,,,,,,,,,,,,,,,,,,,,,,,,,,,,,,,,,,,,,,,,,,,,,,
,,,,,,,,,,,,,,,,,,,,,,,,,,,,,,,,,,,,,,,,,,,,,,,,,,,,,,,,,#DIV/0!,
,,,,,,,,,,,,,,,,,,,,,,,,,,,,,,,,,,,,,,,,,,,,,,,,,,,,,,,,,#DIV/0!,
,,,,,,,,,,,,,,,,,,,,,,,,,,,,,,,,,,,,,,,,,,,,,,,,,,,,,,,,,#DIV/0!,
,,,,,,,,,,,,,,,,,,,,,,,,,,,,,,,,,,,,,,,,,,,,,,,,,,,,,,,,,#DIV/0!,
,,,,,,,,,,,,,,,,,,,,,,,,,,,,,,,,,,,,,,,,,,,,,,,,,,,,,,,,,#DIV/0!,
,,,,,,,,,,,,,,,,,,,,,,,,,,,,,,,,,,,,,,,,,,,,,,,,,,,,,,,,,#DIV/0!,
,,,,,,,,,,,,,,,,,,,,,,,,,,,,,,,,,,,,,,,,,,,,,,,,,,,,,,,,,#DIV/0!,
,,,,,,,,,,,,,,,,,,,,,,,,,,,,,,,,,,,,,,,,,,,,,,,,,,,,,,,,,#DIV/0!,
,,,,,,,,,,,,,,,,,,,,,,,,,,,,,,,,,,,,,,,,,,,,,,,,,,,,,,,,,#DIV/0!,
,,,,,,,,,,,,,,,,,,,,,,,,,,,,,,,,,,,,,,,,,,,,,,,,,,,,,,,,,#DIV/0!,
,,,,,,,,,,,,,,,,,,,,,,,,,,,,,,,,,,,,,,,,,,,,,,,,,,,,,,,,,#DIV/0!,
,,,,,,,,,,,,,,,,,,,,,,,,,,,,,,,,,,,,,,,,,,,,,,,,,,,,,,,,,#DIV/0!,
,,,,,,,,,,,,,,,,,,,,,,,,,,,,,,,,,,,,,,,,,,,,,,,,,,,,,,,,,#DIV/0!,
,,,,,,,,,,,,,,,,,,,,,,,,,,,,,,,,,,,,,,,,,,,,,,,,,,,,,,,,,#DIV/0!,
,,,,,,,,,,,,,,,,,,,,,,,,,,,,,,,,,,,,,,,,,,,,,,,,,,,,,,,,,#DIV/0!,
,,,,,,,,,,,,,,,,,,,,,,,,,,,,,,,,,,,,,,,,,,,,,,,,,,,,,,,,,#DIV/0!,
,,,,,,,,,,,,,,,,,,,,,,,,,,,,,,,,,,,,,,,,,,,,,,,,,,,,,,,,,#DIV/0!,
,,,,,,,,,,,,,,,,,,,,,,,,,,,,,,,,,,,,,,,,,,,,,,,,,,,,,,,,,#DIV/0!,
,,,,,,,,,,,,,,,,,,,,,,,,,,,,,,,,,,,,,,,,,,,,,,,,,,,,,,,,,#DIV/0!,
,,,,,,,,,,,,,,,,,,,,,,,,,,,,,,,,,,,,,,,,,,,,,,,,,,,,,,,,,#DIV/0!,
,,,,,,,,,,,,,,,,,,,,,,,,,,,,,,,,,,,,,,,,,,,,,,,,,,,,,,,,,#DIV/0!,
,,,,,,,,,,,,,,,,,,,,,,,,,,,,,,,,,,,,,,,,,,,,,,,,,,,,,,,,,#DIV/0!,
,,,,,,,,,,,,,,,,,,,,,,,,,,,,,,,,,,,,,,,,,,,,,,,,,,,,,,,,,#DIV/0!,
,,,,,,,,,,,,,,,,,,,,,,,,,,,,,,,,,,,,,,,,,,,,,,,,,,,,,,,,,#DIV/0!,
,,,,,,,,,,,,,,,,,,,,,,,,,,,,,,,,,,,,,,,,,,,,,,,,,,,,,,,,,#DIV/0!,
,,,,,,,,,,,,,,,,,,,,,,,,,,,,,,,,,,,,,,,,,,,,,,,,,,,,,,,,,#DIV/0!,
,,,,,,,,,,,,,,,,,,,,,,,,,,,,,,,,,,,,,,,,,,,,,,,,,,,,,,,,,#DIV/0!,
,,,,,,,,,,,,,,,,,,,,,,,,,,,,,,,,,,,,,,,,,,,,,,,,,,,,,,,,,#DIV/0!,
,,,,,,,,,,,,,,,,,,,,,,,,,,,,,,,,,,,,,,,,,,,,,,,,,,,,,,,,,#DIV/0!,
,,,,,,,,,,,,,,,,,,,,,,,,,,,,,,,,,,,,,,,,,,,,,,,,,,,,,,,,,#DIV/0!,
,,,,,,,,,,,,,,,,,,,,,,,,,,,,,,,,,,,,,,,,,,,,,,,,,,,,,,,,,#DIV/0!,
,,,,,,,,,,,,,,,,,,,,,,,,,,,,,,,,,,,,,,,,,,,,,,,,,,,,,,,,,#DIV/0!,
,,,,,,,,,,,,,,,,,,,,,,,,,,,,,,,,,,,,,,,,,,,,,,,,,,,,,,,,,#DIV/0!,
,,,,,,,,,,,,,,,,,,,,,,,,,,,,,,,,,,,,,,,,,,,,,,,,,,,,,,,,,#DIV/0!,
,,,,,,,,,,,,,,,,,,,,,,,,,,,,,,,,,,,,,,,,,,,,,,,,,,,,,,,,,#DIV/0!,
,,,,,,,,,,,,,,,,,,,,,,,,,,,,,,,,,,,,,,,,,,,,,,,,,,,,,,,,,#DIV/0!,
,,,,,,,,,,,,,,,,,,,,,,,,,,,,,,,,,,,,,,,,,,,,,,,,,,,,,,,,,#DIV/0!,
,,,,,,,,,,,,,,,,,,,,,,,,,,,,,,,,,,,,,,,,,,,,,,,,,,,,,,,,,#DIV/0!,
,,,,,,,,,,,,,,,,,,,,,,,,,,,,,,,,,,,,,,,,,,,,,,,,,,,,,,,,,#DIV/0!,
,,,,,,,,,,,,,,,,,,,,,,,,,,,,,,,,,,,,,,,,,,,,,,,,,,,,,,,,,#DIV/0!,
,,,,,,,,,,,,,,,,,,,,,,,,,,,,,,,,,,,,,,,,,,,,,,,,,,,,,,,,,#DIV/0!,
,,,,,,,,,,,,,,,,,,,,,,,,,,,,,,,,,,,,,,,,,,,,,,,,,,,,,,,,,#DIV/0!,
,,,,,,,,,,,,,,,,,,,,,,,,,,,,,,,,,,,,,,,,,,,,,,,,,,,,,,,,,#DIV/0!,
,,,,,,,,,,,,,,,,,,,,,,,,,,,,,,,,,,,,,,,,,,,,,,,,,,,,,,,,,#DIV/0!,
,,,,,,,,,,,,,,,,,,,,,,,,,,,,,,,,,,,,,,,,,,,,,,,,,,,,,,,,,#DIV/0!,
,,,,,,,,,,,,,,,,,,,,,,,,,,,,,,,,,,,,,,,,,,,,,,,,,,,,,,,,,#DIV/0!,
,,,,,,,,,,,,,,,,,,,,,,,,,,,,,,,,,,,,,,,,,,,,,,,,,,,,,,,,,#DIV/0!,
,,,,,,,,,,,,,,,,,,,,,,,,,,,,,,,,,,,,,,,,,,,,,,,,,,,,,,,,,#DIV/0!,
,,,,,,,,,,,,,,,,,,,,,,,,,,,,,,,,,,,,,,,,,,,,,,,,,,,,,,,,,#DIV/0!,
,,,,,,,,,,,,,,,,,,,,,,,,,,,,,,,,,,,,,,,,,,,,,,,,,,,,,,,,,#DIV/0!,
,,,,,,,,,,,,,,,,,,,,,,,,,,,,,,,,,,,,,,,,,,,,,,,,,,,,,,,,,#DIV/0!,
,,,,,,,,,,,,,,,,,,,,,,,,,,,,,,,,,,,,,,,,,,,,,,,,,,,,,,,,,#DIV/0!,
,,,,,,,,,,,,,,,,,,,,,,,,,,,,,,,,,,,,,,,,,,,,,,,,,,,,,,,,,#DIV/0!,
,,,,,,,,,,,,,,,,,,,,,,,,,,,,,,,,,,,,,,,,,,,,,,,,,,,,,,,,,#DIV/0!,
,,,,,,,,,,,,,,,,,,,,,,,,,,,,,,,,,,,,,,,,,,,,,,,,,,,,,,,,,#DIV/0!,
,,,,,,,,,,,,,,,,,,,,,,,,,,,,,,,,,,,,,,,,,,,,,,,,,,,,,,,,,#DIV/0!,
,,,,,,,,,,,,,,,,,,,,,,,,,,,,,,,,,,,,,,,,,,,,,,,,,,,,,,,,,#DIV/0!,
,,,,,,,,,,,,,,,,,,,,,,,,,,,,,,,,,,,,,,,,,,,,,,,,,,,,,,,,,#DIV/0!,
,,,,,,,,,,,,,,,,,,,,,,,,,,,,,,,,,,,,,,,,,,,,,,,,,,,,,,,,,#DIV/0!,
,,,,,,,,,,,,,,,,,,,,,,,,,,,,,,,,,,,,,,,,,,,,,,,,,,,,,,,,,#DIV/0!,
,,,,,,,,,,,,,,,,,,,,,,,,,,,,,,,,,,,,,,,,,,,,,,,,,,,,,,,,,#DIV/0!,
,,,,,,,,,,,,,,,,,,,,,,,,,,,,,,,,,,,,,,,,,,,,,,,,,,,,,,,,,#DIV/0!,
,,,,,,,,,,,,,,,,,,,,,,,,,,,,,,,,,,,,,,,,,,,,,,,,,,,,,,,,,#DIV/0!,
,,,,,,,,,,,,,,,,,,,,,,,,,,,,,,,,,,,,,,,,,,,,,,,,,,,,,,,,,#DIV/0!,
,,,,,,,,,,,,,,,,,,,,,,,,,,,,,,,,,,,,,,,,,,,,,,,,,,,,,,,,,#DIV/0!,
,,,,,,,,,,,,,,,,,,,,,,,,,,,,,,,,,,,,,,,,,,,,,,,,,,,,,,,,,#DIV/0!,
,,,,,,,,,,,,,,,,,,,,,,,,,,,,,,,,,,,,,,,,,,,,,,,,,,,,,,,,,#DIV/0!,
,,,,,,,,,,,,,,,,,,,,,,,,,,,,,,,,,,,,,,,,,,,,,,,,,,,,,,,,,#DIV/0!,
,,,,,,,,,,,,,,,,,,,,,,,,,,,,,,,,,,,,,,,,,,,,,,,,,,,,,,,,,#DIV/0!,
,,,,,,,,,,,,,,,,,,,,,,,,,,,,,,,,,,,,,,,,,,,,,,,,,,,,,,,,,#DIV/0!,
,,,,,,,,,,,,,,,,,,,,,,,,,,,,,,,,,,,,,,,,,,,,,,,,,,,,,,,,,#DIV/0!,
,,,,,,,,,,,,,,,,,,,,,,,,,,,,,,,,,,,,,,,,,,,,,,,,,,,,,,,,,#DIV/0!,
,,,,,,,,,,,,,,,,,,,,,,,,,,,,,,,,,,,,,,,,,,,,,,,,,,,,,,,,,#DIV/0!,
,,,,,,,,,,,,,,,,,,,,,,,,,,,,,,,,,,,,,,,,,,,,,,,,,,,,,,,,,#DIV/0!,
,,,,,,,,,,,,,,,,,,,,,,,,,,,,,,,,,,,,,,,,,,,,,,,,,,,,,,,,,#DIV/0!,
,,,,,,,,,,,,,,,,,,,,,,,,,,,,,,,,,,,,,,,,,,,,,,,,,,,,,,,,,#DIV/0!,
,,,,,,,,,,,,,,,,,,,,,,,,,,,,,,,,,,,,,,,,,,,,,,,,,,,,,,,,,#DIV/0!,
,,,,,,,,,,,,,,,,,,,,,,,,,,,,,,,,,,,,,,,,,,,,,,,,,,,,,,,,,#DIV/0!,
,,,,,,,,,,,,,,,,,,,,,,,,,,,,,,,,,,,,,,,,,,,,,,,,,,,,,,,,,#DIV/0!,
,,,,,,,,,,,,,,,,,,,,,,,,,,,,,,,,,,,,,,,,,,,,,,,,,,,,,,,,,#DIV/0!,
,,,,,,,,,,,,,,,,,,,,,,,,,,,,,,,,,,,,,,,,,,,,,,,,,,,,,,,,,#DIV/0!,
,,,,,,,,,,,,,,,,,,,,,,,,,,,,,,,,,,,,,,,,,,,,,,,,,,,,,,,,,#DIV/0!,
,,,,,,,,,,,,,,,,,,,,,,,,,,,,,,,,,,,,,,,,,,,,,,,,,,,,,,,,,#DIV/0!,
,,,,,,,,,,,,,,,,,,,,,,,,,,,,,,,,,,,,,,,,,,,,,,,,,,,,,,,,,#DIV/0!,
,,,,,,,,,,,,,,,,,,,,,,,,,,,,,,,,,,,,,,,,,,,,,,,,,,,,,,,,,#DIV/0!,
,,,,,,,,,,,,,,,,,,,,,,,,,,,,,,,,,,,,,,,,,,,,,,,,,,,,,,,,,#DIV/0!,
,,,,,,,,,,,,,,,,,,,,,,,,,,,,,,,,,,,,,,,,,,,,,,,,,,,,,,,,,#DIV/0!,
,,,,,,,,,,,,,,,,,,,,,,,,,,,,,,,,,,,,,,,,,,,,,,,,,,,,,,,,,#DIV/0!,
,,,,,,,,,,,,,,,,,,,,,,,,,,,,,,,,,,,,,,,,,,,,,,,,,,,,,,,,,#DIV/0!,
,,,,,,,,,,,,,,,,,,,,,,,,,,,,,,,,,,,,,,,,,,,,,,,,,,,,,,,,,#DIV/0!,
,,,,,,,,,,,,,,,,,,,,,,,,,,,,,,,,,,,,,,,,,,,,,,,,,,,,,,,,,#DIV/0!,
,,,,,,,,,,,,,,,,,,,,,,,,,,,,,,,,,,,,,,,,,,,,,,,,,,,,,,,,,#DIV/0!,
,,,,,,,,,,,,,,,,,,,,,,,,,,,,,,,,,,,,,,,,,,,,,,,,,,,,,,,,,#DIV/0!,
,,,,,,,,,,,,,,,,,,,,,,,,,,,,,,,,,,,,,,,,,,,,,,,,,,,,,,,,,#DIV/0!,
,,,,,,,,,,,,,,,,,,,,,,,,,,,,,,,,,,,,,,,,,,,,,,,,,,,,,,,,,#DIV/0!,
,,,,,,,,,,,,,,,,,,,,,,,,,,,,,,,,,,,,,,,,,,,,,,,,,,,,,,,,,#DIV/0!,
,,,,,,,,,,,,,,,,,,,,,,,,,,,,,,,,,,,,,,,,,,,,,,,,,,,,,,,,,#DIV/0!,
,,,,,,,,,,,,,,,,,,,,,,,,,,,,,,,,,,,,,,,,,,,,,,,,,,,,,,,,,#DIV/0!,
,,,,,,,,,,,,,,,,,,,,,,,,,,,,,,,,,,,,,,,,,,,,,,,,,,,,,,,,,#DIV/0!,
,,,,,,,,,,,,,,,,,,,,,,,,,,,,,,,,,,,,,,,,,,,,,,,,,,,,,,,,,#DIV/0!,
,,,,,,,,,,,,,,,,,,,,,,,,,,,,,,,,,,,,,,,,,,,,,,,,,,,,,,,,,#DIV/0!,
,,,,,,,,,,,,,,,,,,,,,,,,,,,,,,,,,,,,,,,,,,,,,,,,,,,,,,,,,#DIV/0!,
,,,,,,,,,,,,,,,,,,,,,,,,,,,,,,,,,,,,,,,,,,,,,,,,,,,,,,,,,#DIV/0!,
,,,,,,,,,,,,,,,,,,,,,,,,,,,,,,,,,,,,,,,,,,,,,,,,,,,,,,,,,#DIV/0!,
,,,,,,,,,,,,,,,,,,,,,,,,,,,,,,,,,,,,,,,,,,,,,,,,,,,,,,,,,#DIV/0!,
,,,,,,,,,,,,,,,,,,,,,,,,,,,,,,,,,,,,,,,,,,,,,,,,,,,,,,,,,#DIV/0!,
,,,,,,,,,,,,,,,,,,,,,,,,,,,,,,,,,,,,,,,,,,,,,,,,,,,,,,,,,#DIV/0!,
,,,,,,,,,,,,,,,,,,,,,,,,,,,,,,,,,,,,,,,,,,,,,,,,,,,,,,,,,#DIV/0!,
,,,,,,,,,,,,,,,,,,,,,,,,,,,,,,,,,,,,,,,,,,,,,,,,,,,,,,,,,#DIV/0!,
,,,,,,,,,,,,,,,,,,,,,,,,,,,,,,,,,,,,,,,,,,,,,,,,,,,,,,,,,#DIV/0!,
,,,,,,,,,,,,,,,,,,,,,,,,,,,,,,,,,,,,,,,,,,,,,,,,,,,,,,,,,#DIV/0!,
,,,,,,,,,,,,,,,,,,,,,,,,,,,,,,,,,,,,,,,,,,,,,,,,,,,,,,,,,#DIV/0!,
,,,,,,,,,,,,,,,,,,,,,,,,,,,,,,,,,,,,,,,,,,,,,,,,,,,,,,,,,#DIV/0!,
,,,,,,,,,,,,,,,,,,,,,,,,,,,,,,,,,,,,,,,,,,,,,,,,,,,,,,,,,#DIV/0!,
,,,,,,,,,,,,,,,,,,,,,,,,,,,,,,,,,,,,,,,,,,,,,,,,,,,,,,,,,#DIV/0!,
,,,,,,,,,,,,,,,,,,,,,,,,,,,,,,,,,,,,,,,,,,,,,,,,,,,,,,,,,#DIV/0!,
,,,,,,,,,,,,,,,,,,,,,,,,,,,,,,,,,,,,,,,,,,,,,,,,,,,,,,,,,#DIV/0!,
,,,,,,,,,,,,,,,,,,,,,,,,,,,,,,,,,,,,,,,,,,,,,,,,,,,,,,,,,#DIV/0!,
,,,,,,,,,,,,,,,,,,,,,,,,,,,,,,,,,,,,,,,,,,,,,,,,,,,,,,,,,#DIV/0!,
,,,,,,,,,,,,,,,,,,,,,,,,,,,,,,,,,,,,,,,,,,,,,,,,,,,,,,,,,#DIV/0!,
,,,,,,,,,,,,,,,,,,,,,,,,,,,,,,,,,,,,,,,,,,,,,,,,,,,,,,,,,#DIV/0!,
,,,,,,,,,,,,,,,,,,,,,,,,,,,,,,,,,,,,,,,,,,,,,,,,,,,,,,,,,#DIV/0!,
,,,,,,,,,,,,,,,,,,,,,,,,,,,,,,,,,,,,,,,,,,,,,,,,,,,,,,,,,#DIV/0!,
,,,,,,,,,,,,,,,,,,,,,,,,,,,,,,,,,,,,,,,,,,,,,,,,,,,,,,,,,#DIV/0!,
,,,,,,,,,,,,,,,,,,,,,,,,,,,,,,,,,,,,,,,,,,,,,,,,,,,,,,,,,#DIV/0!,
,,,,,,,,,,,,,,,,,,,,,,,,,,,,,,,,,,,,,,,,,,,,,,,,,,,,,,,,,#DIV/0!,
,,,,,,,,,,,,,,,,,,,,,,,,,,,,,,,,,,,,,,,,,,,,,,,,,,,,,,,,,#DIV/0!,
,,,,,,,,,,,,,,,,,,,,,,,,,,,,,,,,,,,,,,,,,,,,,,,,,,,,,,,,,#DIV/0!,
,,,,,,,,,,,,,,,,,,,,,,,,,,,,,,,,,,,,,,,,,,,,,,,,,,,,,,,,,#DIV/0!,
,,,,,,,,,,,,,,,,,,,,,,,,,,,,,,,,,,,,,,,,,,,,,,,,,,,,,,,,,#DIV/0!,
,,,,,,,,,,,,,,,,,,,,,,,,,,,,,,,,,,,,,,,,,,,,,,,,,,,,,,,,,#DIV/0!,
,,,,,,,,,,,,,,,,,,,,,,,,,,,,,,,,,,,,,,,,,,,,,,,,,,,,,,,,,#DIV/0!,
,,,,,,,,,,,,,,,,,,,,,,,,,,,,,,,,,,,,,,,,,,,,,,,,,,,,,,,,,#DIV/0!,
,,,,,,,,,,,,,,,,,,,,,,,,,,,,,,,,,,,,,,,,,,,,,,,,,,,,,,,,,#DIV/0!,
,,,,,,,,,,,,,,,,,,,,,,,,,,,,,,,,,,,,,,,,,,,,,,,,,,,,,,,,,#DIV/0!,
,,,,,,,,,,,,,,,,,,,,,,,,,,,,,,,,,,,,,,,,,,,,,,,,,,,,,,,,,#DIV/0!,
,,,,,,,,,,,,,,,,,,,,,,,,,,,,,,,,,,,,,,,,,,,,,,,,,,,,,,,,,#DIV/0!,
,,,,,,,,,,,,,,,,,,,,,,,,,,,,,,,,,,,,,,,,,,,,,,,,,,,,,,,,,#DIV/0!,
,,,,,,,,,,,,,,,,,,,,,,,,,,,,,,,,,,,,,,,,,,,,,,,,,,,,,,,,,#DIV/0!,
,,,,,,,,,,,,,,,,,,,,,,,,,,,,,,,,,,,,,,,,,,,,,,,,,,,,,,,,,#DIV/0!,
,,,,,,,,,,,,,,,,,,,,,,,,,,,,,,,,,,,,,,,,,,,,,,,,,,,,,,,,,#DIV/0!,
,,,,,,,,,,,,,,,,,,,,,,,,,,,,,,,,,,,,,,,,,,,,,,,,,,,,,,,,,#DIV/0!,
,,,,,,,,,,,,,,,,,,,,,,,,,,,,,,,,,,,,,,,,,,,,,,,,,,,,,,1.00E+12,#DIV/0!,,,
