Name,SMILES_str,VelE,HBA,HBD,TPSA
"1,2-Dichlorobenzene",Clc1ccccc1Cl,42,0,0,0.0
2-Deoxyadenosine,Nc1ncnc2n(cnc12)C3CC(O)C(CO)O3,96,8,3,119.31000000000002
2-Deoxyguanosine,NC1=NC(=O)c2ncn(C3CC(O)C(CO)O3)c2N1,102,8,4,139.28000000000003
Acetaldehyde,CC=O,18,1,0,17.07
Acetone,CC(C)=O,24,1,0,17.07
Acetonitrile,CC#N,16,1,0,23.79
Acetylene,C#C,10,0,0,0.0
Adenine,Nc1ncnc2nc[nH]c12,50,4,2,80.47999999999999
Allyl alcohol,OCC=C,24,1,1,20.23
Ammonia,N,8,1,1,35.0
Benzaldehyde,O=Cc1ccccc1,40,1,0,17.07
Benzene ,c1ccccc1,30,0,0,0.0
Benzonitrile,N#Cc1ccccc1,38,1,0,23.79
Carbon dioxide,O=C=O,16,2,0,34.14
Carbon monoxide,C=O,12,1,0,17.07
Coronene,c1cc2ccc3ccc4ccc5ccc6ccc1c7c2c3c4c5c67,108,0,0,0.0
Cyanobutadiyne,C#CC#CC#N,26,1,0,23.79
Cytosine,NC1=NC(=O)NC=C1,42,3,2,71.77
Decane,CCCCCCCCCC,62,0,0,0.0
Deoxycytidine,NC1=NC(=O)N(C=C1)[C@H]2C[C@H](O)[C@@H](CO)O2,88,7,3,110.6
Dicyanoacetylene,N#CC#CC#N,26,2,0,47.58
Dimethylether,COC,20,1,0,9.23
Dinitrogen,N#N,10,2,0,47.58
Dioxygen,O=O,12,2,0,34.14
Docosane,CCCCCCCCCCCCCCCCCCCCCC,134,0,0,0.0
Dodecane,CCCCCCCCCCCC,74,0,0,0.0
Dopentacontane,CCCCCCCCCCCCCCCCCCCCCCCCCCCCCCCCCCCCCCCCCCCCCCCCCCCC,314,0,0,0.0
Dotetracontane,CCCCCCCCCCCCCCCCCCCCCCCCCCCCCCCCCCCCCCCCCC,254,0,0,0.0
Dotriacontane,CCCCCCCCCCCCCCCCCCCCCCCCCCCCCCCC,194,0,0,0.0
Ethane,CC,14,0,0,0.0
Ethanol,CCO,20,1,1,20.23
Ethyl formate,CCOC=O,30,2,0,26.3
Ethylbenzene,CCc1ccccc1,42,0,0,0.0
Ethylene,C=C,12,0,0,0.0
Ethylidene chloride,CC(Cl)Cl,26,0,0,0.0
Formamide,NC=O,18,1,1,43.09
Guanine,NC1=Nc2nc[nH]c2C(=O)N1,56,4,3,100.45
Henicosane,CCCCCCCCCCCCCCCCCCCCC,128,0,0,0.0
Henpentacontane,CCCCCCCCCCCCCCCCCCCCCCCCCCCCCCCCCCCCCCCCCCCCCCCCCCC,308,0,0,0.0
Hentetracontane,CCCCCCCCCCCCCCCCCCCCCCCCCCCCCCCCCCCCCCCCC,248,0,0,0.0
Hentriacontane,CCCCCCCCCCCCCCCCCCCCCCCCCCCCCCC,188,0,0,0.0
Heptacosane,CCCCCCCCCCCCCCCCCCCCCCCCCCC,164,0,0,0.0
Heptadecane,CCCCCCCCCCCCCCCCC,104,0,0,0.0
Heptane,CCCCCCC,44,0,0,0.0
Heptapentacontane,CCCCCCCCCCCCCCCCCCCCCCCCCCCCCCCCCCCCCCCCCCCCCCCCCCCCCCCCC,344,0,0,0.0
Heptatetracontane,CCCCCCCCCCCCCCCCCCCCCCCCCCCCCCCCCCCCCCCCCCCCCCC,284,0,0,0.0
Heptatriacontane,CCCCCCCCCCCCCCCCCCCCCCCCCCCCCCCCCCCCC,224,0,0,0.0
Hexacontane,CCCCCCCCCCCCCCCCCCCCCCCCCCCCCCCCCCCCCCCCCCCCCCCCCCCCCCCCCCCC,362,0,0,0.0
Hexacosane,CCCCCCCCCCCCCCCCCCCCCCCCCC,158,0,0,0.0
Hexadecane,CCCCCCCCCCCCCCCC,98,0,0,0.0
Hexane,CCCCCC,38,0,0,0.0
Hexapentacontane,CCCCCCCCCCCCCCCCCCCCCCCCCCCCCCCCCCCCCCCCCCCCCCCCCCCCCCCC,338,0,0,0.0
Hexatetracontane,CCCCCCCCCCCCCCCCCCCCCCCCCCCCCCCCCCCCCCCCCCCCCC,278,0,0,0.0
Hexatriacontane,CCCCCCCCCCCCCCCCCCCCCCCCCCCCCCCCCCCC,218,0,0,0.0
Hydroxylamine,NO,14,2,2,46.25
Icosane,CCCCCCCCCCCCCCCCCCCC,122,0,0,0.0
Isocyanic acid,N=C=O,16,2,1,40.92
Methane,C,8,0,0,0.0
Methanethiol,CS,14,1,1,0.0
Methanol,CO,14,1,1,20.23
Methylacetylene,CC#C,16,0,0,0.0
methylisocyanide,C[N+]#[C-],16,0,0,4.36
"N,N-Dimethylformamide",CN(C)C=O,30,1,0,20.31
Naphthalene,c1ccc2ccccc2c1,48,0,0,0.0
Nitrogen dioxide,[O-][N+]=O,17,3,0,54.23
Tritriacontane,CCCCCCCCCCCCCCCCCCCCCCCCCCCCCCCCC,200,0,0,0.0
Undecane,CCCCCCCCCCC,68,0,0,0.0
Water,O,8,0,0,31.5
Methyl formate,COC=O,24,2,0,26.3
Nitrous oxide,[O-][N+]#N,16,2,0,51.21
Nonacosane,CCCCCCCCCCCCCCCCCCCCCCCCCCCCC,176,0,0,0.0
Nonadecane,CCCCCCCCCCCCCCCCCCC,116,0,0,0.0
Nonane,CCCCCCCCC,56,0,0,0.0
Nonapentacontane,CCCCCCCCCCCCCCCCCCCCCCCCCCCCCCCCCCCCCCCCCCCCCCCCCCCCCCCCCCC,356,0,0,0.0
Nonatetracontane,CCCCCCCCCCCCCCCCCCCCCCCCCCCCCCCCCCCCCCCCCCCCCCCCC,296,0,0,0.0
Nonatriacontane,CCCCCCCCCCCCCCCCCCCCCCCCCCCCCCCCCCCCCCC,236,0,0,0.0
Octacosane,CCCCCCCCCCCCCCCCCCCCCCCCCCCC,170,0,0,0.0
Octadecane,CCCCCCCCCCCCCCCCCC,110,0,0,0.0
Octane,CCCCCCCC,50,0,0,0.0
Octapentacontane,CCCCCCCCCCCCCCCCCCCCCCCCCCCCCCCCCCCCCCCCCCCCCCCCCCCCCCCCCC,350,0,0,0.0
Octatetracontane,CCCCCCCCCCCCCCCCCCCCCCCCCCCCCCCCCCCCCCCCCCCCCCCC,290,0,0,0.0
Octatriacontane,CCCCCCCCCCCCCCCCCCCCCCCCCCCCCCCCCCCCCC,230,0,0,0.0
Pentacontane,CCCCCCCCCCCCCCCCCCCCCCCCCCCCCCCCCCCCCCCCCCCCCCCCCC,302,0,0,0.0
Pentacosane,CCCCCCCCCCCCCCCCCCCCCCCCC,152,0,0,0.0
Pentadecane,CCCCCCCCCCCCCCC,92,0,0,0.0
Pentane,CCCCC,32,0,0,0.0
Pentapentacontane,CCCCCCCCCCCCCCCCCCCCCCCCCCCCCCCCCCCCCCCCCCCCCCCCCCCCCCC,332,0,0,0.0
Pentatetracontane,CCCCCCCCCCCCCCCCCCCCCCCCCCCCCCCCCCCCCCCCCCCCC,272,0,0,0.0
Pentatriacontane,CCCCCCCCCCCCCCCCCCCCCCCCCCCCCCCCCCC,212,0,0,0.0
Propane,CCC,20,0,0,0.0
Propene,CC=C,18,0,0,0.0
Sulfurdioxide,O=[S]=O,18,2,0,34.14
Tetracontane,CCCCCCCCCCCCCCCCCCCCCCCCCCCCCCCCCCCCCCCC,242,0,0,0.0
Tetracosane,CCCCCCCCCCCCCCCCCCCCCCCC,146,0,0,0.0
Tetradecan,CCCCCCCCCCCCCC,86,0,0,0.0
Tetrapentacontane,CCCCCCCCCCCCCCCCCCCCCCCCCCCCCCCCCCCCCCCCCCCCCCCCCCCCCC,326,0,0,0.0
Tetratetracontane,CCCCCCCCCCCCCCCCCCCCCCCCCCCCCCCCCCCCCCCCCCCC,266,0,0,0.0
Tetratriacontane,CCCCCCCCCCCCCCCCCCCCCCCCCCCCCCCCCC,206,0,0,0.0
Thiophene,s1cccc1,26,1,0,0.0
Thymidine,CC1=CN([C@H]2C[C@H](O)[C@@H](CO)O2)C(=O)NC1=O,94,6,3,104.54999999999998
Thymine,CC1=CNC(=O)NC1=O,48,2,2,65.72
Toluene,Cc1ccccc1,36,0,0,0.0
Triacontane,CCCCCCCCCCCCCCCCCCCCCCCCCCCCCC,182,0,0,0.0
Trichloromethane,ClC(Cl)Cl,26,0,0,0.0
Tricosane,CCCCCCCCCCCCCCCCCCCCCCC,140,0,0,0.0
Tridecane,CCCCCCCCCCCCC,80,0,0,0.0
Tripentacontane,CCCCCCCCCCCCCCCCCCCCCCCCCCCCCCCCCCCCCCCCCCCCCCCCCCCCC,320,0,0,0.0
Tritetracontane,CCCCCCCCCCCCCCCCCCCCCCCCCCCCCCCCCCCCCCCCCCC,260,0,0,0.0
